supplier,brand_collection,collection_code,pattern_nr,product_code,product_name,type_size,wholesale_price_eur,category
EUROFIRANY,CLASSIC,K,221.0,411164.0,4016/ZAS/B,320/1390,14.37,fabrics
EUROFIRANY,CLASSIC,K,221.0,411220.0,4016/ZAS/PLAT,320/1420,14.37,fabrics
EUROFIRANY,CLASSIC,K,221.0,411206.0,4016/ZAS/BEŻ,320/1393,14.37,fabrics
EUROFIRANY,CLASSIC,K,221.0,411208.0,4016/ZAS/CAPU,320/1397,14.37,fabrics
EUROFIRANY,CLASSIC,K,221.0,411205.0,4016/ZAS/K,320/1391,14.37,fabrics
EUROFIRANY,CLASSIC,K,221.0,411207.0,4016/ZAS/LATT,320/1394,14.37,fabrics
EUROFIRANY,CLASSIC,K,221.0,411213.0,4016/ZAS/WRZO,320/1406,14.37,fabrics
EUROFIRANY,CLASSIC,K,221.0,411210.0,4016/ZAS/KAWA,320/1403,14.37,fabrics
EUROFIRANY,CLASSIC,K,221.0,411212.0,4016/ZAS/BRĄZ,320/1404,14.37,fabrics
EUROFIRANY,CLASSIC,K,221.0,416210.0,4016/ZAS/ZIEL,320/1413,14.37,fabrics
EUROFIRANY,CLASSIC,K,221.0,411214.0,4016/ZAS/MIĘT,320/1412,14.37,fabrics
EUROFIRANY,CLASSIC,K,221.0,411219.0,4016/ZAS/STAL,320/1419,14.37,fabrics
EUROFIRANY,CLASSIC,K,221.0,411215.0,4016/ZAS/DŻIN,320/1416,14.37,fabrics
EUROFIRANY,CLASSIC,K,221.0,416211.0,4016/ZAS/NIEB,320/1417,14.37,fabrics
EUROFIRANY,CLASSIC,K,221.0,411216.0,4016/ZAS/C.NIE,320/1418,14.37,fabrics
EUROFIRANY,CLASSIC,K,221.0,411224.0,4016/ZAS/CZAR,320/1423,14.37,fabrics
EUROFIRANY,CLASSIC,K,221.0,411222.0,4016/ZAS/GRAF,320/1422,14.37,fabrics
EUROFIRANY,CLASSIC,K,221.0,416212.0,4016/ZAS/POPI,320/1421,14.37,fabrics
EUROFIRANY,HOME,H,202.0,384605.0,DANTE/ZAS/NATU,300/V1,17.37,fabrics
EUROFIRANY,HOME,H,202.0,384607.0,DANTE/ZAS/K,300/V2,17.37,fabrics
EUROFIRANY,HOME,H,202.0,384608.0,DANTE/ZAS/BEŻ,300/V4,17.37,fabrics
EUROFIRANY,HOME,H,202.0,384609.0,DANTE/ZAS/SREB,300/V5,17.37,fabrics
EUROFIRANY,HOME,H,202.0,384610.0,DANTE/ZAS/CAPU,300/V6,17.37,fabrics
EUROFIRANY,HOME,H,202.0,384611.0,DANTE/ZAS/MIÓD,300/V8,17.37,fabrics
EUROFIRANY,HOME,H,202.0,384612.0,DANTE/ZAS/ŚLIW,300/V13,17.37,fabrics
EUROFIRANY,HOME,H,202.0,384613.0,DANTE/ZAS/GRAN,300/V15,17.37,fabrics
EUROFIRANY,HOME,H,202.0,384614.0,DANTE/ZAS/NIEB,300/V16,17.37,fabrics
EUROFIRANY,HOME,H,202.0,384615.0,DANTE/ZAS/TURK,300/V17,17.37,fabrics
EUROFIRANY,HOME,H,202.0,384616.0,DANTE/ZAS/ZIEL,300/V18,17.37,fabrics
EUROFIRANY,HOME,H,202.0,384617.0,DANTE/ZAS/J.BRĄZ,300/V19,17.37,fabrics
EUROFIRANY,HOME,H,202.0,384618.0,DANTE/ZAS/BRĄZ,300/V20,17.37,fabrics
EUROFIRANY,HOME,H,202.0,384619.0,DANTE/ZAS/POPI,300/V21,17.37,fabrics
EUROFIRANY,HOME,H,202.0,384620.0,DANTE/ZAS/GRAF,300/V22,17.37,fabrics
EUROFIRANY,HOME,H,157.0,94292.0,TAPALUZ1/ZAS/SRE,295/5001 DIM FR,31.5,fabrics
EUROFIRANY,HOME,H,157.0,94273.0,TAPALUZ1/ZAS/BEŻ,295/5021 DIM FR,31.5,fabrics
EUROFIRANY,HOME,H,157.0,94294.0,TAPALUZ1/ZAS/SZA,295/5020 DIM FR,31.5,fabrics
EUROFIRANY,HOME,H,157.0,94293.0,TAPALUZ1/ZAS/STA,295/5023 DIM FR,31.5,fabrics
EUROFIRANY,HOME,H,157.0,94282.0,TAPALUZ1/ZAS/GRF,295/5012 DIM FR,31.5,fabrics
EUROFIRANY,HOME,H,157.0,94285.0,TAPALUZ1/ZAS/KRE,295/5002 DIM FR,31.5,fabrics
EUROFIRANY,HOME,H,157.0,94276.0,TAPALUZ1/ZAS/CAP,295/5004 DIM FR,31.5,fabrics
EUROFIRANY,HOME,H,157.0,94277.0,TAPALUZ1/ZAS/CBE,295/5003 DIM FR,31.5,fabrics
EUROFIRANY,HOME,H,157.0,94283.0,TAPALUZ1/ZAS/JBR,295/5022 DIM FR,31.5,fabrics
EUROFIRANY,HOME,H,157.0,94284.0,TAPALUZ1/ZAS/KAW,295/5008 DIM FR,31.5,fabrics
EUROFIRANY,HOME,H,157.0,94290.0,TAPALUZ1/ZAS/OLI,295/5019 DIM FR,31.5,fabrics
EUROFIRANY,HOME,H,157.0,94275.0,TAPALUZ1/ZAS/BRĄ,295/5005 DIM FR,31.5,fabrics
EUROFIRANY,HOME,H,157.0,94287.0,TAPALUZ1/ZAS/MIÓ,295/5011 DIM FR,31.5,fabrics
EUROFIRANY,HOME,H,157.0,94278.0,TAPALUZ1/ZAS/CEG,295/5009 DIM FR,31.5,fabrics
EUROFIRANY,HOME,H,157.0,94286.0,TAPALUZ1/ZAS/MAL,295/5015 DIM FR,31.5,fabrics
EUROFIRANY,HOME,H,157.0,94280.0,TAPALUZ1/ZAS/CZE,295/5027 DIM FR,31.5,fabrics
EUROFIRANY,HOME,H,157.0,94274.0,TAPALUZ1/ZAS/BOR,295/5014 DIM FR,31.5,fabrics
EUROFIRANY,HOME,H,157.0,94289.0,TAPALUZ1/ZAS/NIE,295/5083 DIM FR,31.5,fabrics
EUROFIRANY,HOME,H,157.0,94279.0,TAPALUZ1/ZAS/CNI,295/5084 DIM FR,31.5,fabrics
EUROFIRANY,HOME,H,157.0,94281.0,TAPALUZ1/ZAS/GRA,295/5006 DIM FR,31.5,fabrics
EUROFIRANY,HOME,H,157.0,94291.0,TAPALUZ1/ZAS/SAŁ,295/5077 DIM FR,31.5,fabrics
EUROFIRANY,HOME,H,157.0,94296.0,TAPALUZ1/ZAS/TUR,295/5055 DIM FR,31.5,fabrics
EUROFIRANY,HOME,H,157.0,94295.0,TAPALUZ1/ZAS/SZM,295/5056 DIM FR,31.5,fabrics
EUROFIRANY,HOME,H,157.0,94288.0,TAPALUZ1/ZAS/MOR,295/5078 DIM FR,31.5,fabrics
EUROFIRANY,ITALISSIMA_M,ITALISSIMAM,147.0,327662.0,SAFARI/PL/NATU,140/17-5763,13.92,fabrics
EUROFIRANY,ITALISSIMA_M,ITALISSIMAM,147.0,327664.0,SAFARI/PL/K,140/1125,13.92,fabrics
EUROFIRANY,ITALISSIMA_M,ITALISSIMAM,147.0,327665.0,SAFARI/PL/KAKA,140/15-12535,13.92,fabrics
EUROFIRANY,ITALISSIMA_M,ITALISSIMAM,147.0,327666.0,SAFARI/PL/PLAT,140/547,13.92,fabrics
EUROFIRANY,ITALISSIMA_M,ITALISSIMAM,147.0,327667.0,SAFARI/PL/J.SREB,140/17-4289,13.92,fabrics
EUROFIRANY,ITALISSIMA_M,ITALISSIMAM,147.0,327668.0,SAFARI/PL/SREB,140/1151,13.92,fabrics
EUROFIRANY,ITALISSIMA_M,ITALISSIMAM,147.0,327673.0,SAFARI/PL/GRAF,140/14-9221,13.92,fabrics
EUROFIRANY,ITALISSIMA_M,ITALISSIMAM,147.0,327672.0,SAFARI/PL/BRĄZ1,140/17-5757,13.92,fabrics
EUROFIRANY,ITALISSIMA_M,ITALISSIMAM,147.0,327670.0,SAFARI/PL/J.BRĄZ,140/14-9228,13.92,fabrics
EUROFIRANY,ITALISSIMA_M,ITALISSIMAM,147.0,327671.0,SAFARI/PL/BRĄZ2,140/1124,13.92,fabrics
EUROFIRANY,ITALISSIMA_M,ITALISSIMAM,147.0,327669.0,SAFARI/PL/ZŁOT,140/1009,13.92,fabrics
EUROFIRANY,ITALISSIMA_M,ITALISSIMAM,147.0,327441.0,SAFARI/PL/MIEDŹ,140/346,13.92,fabrics
EUROFIRANY,ITALISSIMA_M,ITALISSIMAM,147.0,327676.0,SAFARI/PL/LILA,140/1128,13.92,fabrics
EUROFIRANY,ITALISSIMA_M,ITALISSIMAM,147.0,327675.0,SAFARI/PL/WRZOS,140/14-9420,13.92,fabrics
EUROFIRANY,ITALISSIMA_M,ITALISSIMAM,147.0,327678.0,SAFARI/PL/J.FIOL,140/581,13.92,fabrics
EUROFIRANY,ITALISSIMA_M,ITALISSIMAM,147.0,327679.0,SAFARI/PL/FIOL,140/568,13.92,fabrics
EUROFIRANY,ITALISSIMA_M,ITALISSIMAM,147.0,327680.0,SAFARI/PL/ŚLIW,140/15-5310,13.92,fabrics
EUROFIRANY,ITALISSIMA_M,ITALISSIMAM,147.0,327674.0,SAFARI/PL/CZER,140/14-10394,13.92,fabrics
EUROFIRANY,ITALISSIMA_M,ITALISSIMAM,147.0,327440.0,SAFARI/PL/RUDY,140/343,13.92,fabrics
EUROFIRANY,ITALISSIMA_M,ITALISSIMAM,147.0,327428.0,SAFARI/PL/BORD,140/1041-173,13.92,fabrics
EUROFIRANY,ITALISSIMA_M,ITALISSIMAM,147.0,327424.0,SAFARI/PL/J.ZIEL,140/541,13.92,fabrics
EUROFIRANY,ITALISSIMA_M,ITALISSIMAM,147.0,327663.0,SAFARI/PL/J.OLIW,140/1018-84,13.92,fabrics
EUROFIRANY,ITALISSIMA_M,ITALISSIMAM,147.0,327691.0,SAFARI/PL/OLIW,140/296,13.92,fabrics
EUROFIRANY,ITALISSIMA_M,ITALISSIMAM,147.0,327439.0,SAFARI/PL/C.ZIEL,140/176,13.92,fabrics
EUROFIRANY,ITALISSIMA_M,ITALISSIMAM,147.0,327689.0,SAFARI/PL/C.TURK,140/171,13.92,fabrics
EUROFIRANY,ITALISSIMA_M,ITALISSIMAM,147.0,327427.0,SAFARI/PL/TURK,140/1119,13.92,fabrics
EUROFIRANY,ITALISSIMA_M,ITALISSIMAM,147.0,327438.0,SAFARI/PL/J.TURK,140/14-10374,13.92,fabrics
EUROFIRANY,ITALISSIMA_M,ITALISSIMAM,147.0,327681.0,SAFARI/PL/DŻINS,140/1115,13.92,fabrics
EUROFIRANY,ITALISSIMA_M,ITALISSIMAM,147.0,327426.0,SAFARI/PL/C.GRAN,140/17-7945,13.92,fabrics
EUROFIRANY,ITALISSIMA_M,ITALISSIMAM,147.0,327442.0,SAFARI/PL/CHAB,140/819,13.92,fabrics
EUROFIRANY,ITALISSIMA_M,ITALISSIMAM,147.0,327682.0,SAFARI/PL/GRAN,140/17-5759,13.92,fabrics
EUROFIRANY,ITALISSIMA_M,ITALISSIMAM,147.0,327598.0,SAFARI/PL/INDYGO,140/209,13.92,fabrics
EUROFIRANY,ITALISSIMA_M,ITALISSIMAM,147.0,327688.0,SAFARI/PL/CZAR,140/1014-69,13.92,fabrics
EUROFIRANY,ITALISSIMA_M,ITALISSIMAM,147.0,352790.0,SAFARI/PL/ZŁOT1,140/18-2616,13.92,fabrics
EUROFIRANY,ITALISSIMA_M,ITALISSIMAM,147.0,418671.0,SAFARI/PL/J.ZŁOT,140/1042-174,13.92,fabrics
EUROFIRANY,ITALISSIMA_M,ITALISSIMAM,147.0,418674.0,SAFARI/PL/MIĘT,140/15-5403,13.92,fabrics
EUROFIRANY,ITALISSIMA_M,ITALISSIMAM,147.0,418673.0,SAFARI/PL/BŁĘK,140/210,13.92,fabrics
EUROFIRANY,ITALISSIMA_M,ITALISSIMAM,147.0,384856.0,SAFARI/PL/BAKŁ,140/21-1454,13.92,fabrics
EUROFIRANY,ITALISSIMA_M,ITALISSIMAM,147.0,384857.0,SAFARI/PL/CZEKO,140/999,13.92,fabrics
EUROFIRANY,ITALISSIMA_M,ITALISSIMAM,147.0,418679.0,SAFARI/PL/STAL,140/212,13.92,fabrics
EUROFIRANY,ITALISSIMA_M,ITALISSIMAM,147.0,418676.0,SAFARI/PL/C.RÓŻ,140/347,13.92,fabrics
EUROFIRANY,ITALISSIMA_M,ITALISSIMAM,147.0,418678.0,SAFARI/PL/SZAMP,140/1037-122,13.92,fabrics
EUROFIRANY,ITALISSIMA_M,ITALISSIMAM,147.0,418677.0,SAFARI/PL/BEŻ,140/1011-66,13.92,fabrics
EUROFIRANY,ITALISSIMA_M,ITALISSIMAM,147.0,418682.0,SAFARI/PL/C.BEŻ,140/457,13.92,fabrics
EUROFIRANY,PIERRE_CARDIN,PIERRE,120.0,311959.0,WALDO/ZAS/NATU,140/00,14.47,fabrics
EUROFIRANY,PIERRE_CARDIN,PIERRE,120.0,311960.0,WALDO/ZAS/K,140/01,14.47,fabrics
EUROFIRANY,PIERRE_CARDIN,PIERRE,120.0,311961.0,WALDO/ZAS/C.KREM,140/02,14.47,fabrics
EUROFIRANY,PIERRE_CARDIN,PIERRE,120.0,311966.0,WALDO/ZAS/PIAS,140/149,14.47,fabrics
EUROFIRANY,PIERRE_CARDIN,PIERRE,120.0,311972.0,WALDO/ZAS/ZŁOTO,140/261,14.47,fabrics
EUROFIRANY,PIERRE_CARDIN,PIERRE,120.0,311964.0,WALDO/ZAS/KAKA,140/110,14.47,fabrics
EUROFIRANY,PIERRE_CARDIN,PIERRE,120.0,311963.0,WALDO/ZAS/BRĄZ,140/108,14.47,fabrics
EUROFIRANY,PIERRE_CARDIN,PIERRE,120.0,311975.0,WALDO/ZAS/CZEK,140/292,14.47,fabrics
EUROFIRANY,PIERRE_CARDIN,PIERRE,120.0,311969.0,WALDO/ZAS/OLIW,140/216,14.47,fabrics
EUROFIRANY,PIERRE_CARDIN,PIERRE,120.0,311971.0,WALDO/ZAS/J.ZIEL,140/256,14.47,fabrics
EUROFIRANY,PIERRE_CARDIN,PIERRE,120.0,311979.0,WALDO/ZAS/C.ZIEL,140/418,14.47,fabrics
EUROFIRANY,PIERRE_CARDIN,PIERRE,120.0,311976.0,WALDO/ZAS/CEGŁA,140/32,14.47,fabrics
EUROFIRANY,PIERRE_CARDIN,PIERRE,120.0,311980.0,WALDO/ZAS/CZER,140/43,14.47,fabrics
EUROFIRANY,PIERRE_CARDIN,PIERRE,120.0,311977.0,WALDO/ZAS/J.FIOL,140/414,14.47,fabrics
EUROFIRANY,PIERRE_CARDIN,PIERRE,120.0,311967.0,WALDO/ZAS/AMAR,140/160,14.47,fabrics
EUROFIRANY,PIERRE_CARDIN,PIERRE,120.0,311978.0,WALDO/ZAS/FUKS,140/417,14.47,fabrics
EUROFIRANY,PIERRE_CARDIN,PIERRE,120.0,311970.0,WALDO/ZAS/BORD,140/24,14.47,fabrics
EUROFIRANY,PIERRE_CARDIN,PIERRE,120.0,311984.0,WALDO/ZAS/RÓŻ,140/53,14.47,fabrics
EUROFIRANY,PIERRE_CARDIN,PIERRE,120.0,311985.0,WALDO/ZAS/PUDER,140/54,14.47,fabrics
EUROFIRANY,PIERRE_CARDIN,PIERRE,120.0,311965.0,WALDO/ZAS/FIOL,140/14,14.47,fabrics
EUROFIRANY,PIERRE_CARDIN,PIERRE,120.0,311986.0,WALDO/ZAS/BŁĘK,140/78,14.47,fabrics
EUROFIRANY,PIERRE_CARDIN,PIERRE,120.0,311974.0,WALDO/ZAS/TURK,140/265,14.47,fabrics
EUROFIRANY,PIERRE_CARDIN,PIERRE,120.0,311973.0,WALDO/ZAS/DŻINS,140/262,14.47,fabrics
EUROFIRANY,PIERRE_CARDIN,PIERRE,120.0,311968.0,WALDO/ZAS/GRAN,140/20,14.47,fabrics
EUROFIRANY,PIERRE_CARDIN,PIERRE,120.0,311981.0,WALDO/ZAS/SREB,140/45,14.47,fabrics
EUROFIRANY,PIERRE_CARDIN,PIERRE,120.0,311982.0,WALDO/ZAS/SZAR,140/46,14.47,fabrics
EUROFIRANY,PIERRE_CARDIN,PIERRE,120.0,311962.0,WALDO/ZAS/GRAF,140/102,14.47,fabrics
EUROFIRANY,PIERRE_CARDIN,PIERRE,120.0,311983.0,WALDO/ZAS/CZAR,140/48,14.47,fabrics
EUROFIRANY,PIERRE_CARDIN,PIERRE,159.0,365377.0,537577/K,290/18,14.76,fabrics
EUROFIRANY,PIERRE_CARDIN,PIERRE,159.0,365379.0,537577/BEŻ,290/9,14.76,fabrics
EUROFIRANY,PIERRE_CARDIN,PIERRE,159.0,365378.0,537577/CAPU,290/3,14.76,fabrics
EUROFIRANY,PIERRE_CARDIN,PIERRE,159.0,365380.0,537577/LATTE,290/4,14.76,fabrics
EUROFIRANY,PIERRE_CARDIN,PIERRE,159.0,365381.0,537577/WRZO,290/20,14.76,fabrics
EUROFIRANY,PIERRE_CARDIN,PIERRE,159.0,365382.0,537577/POPI,290/24,14.76,fabrics
EUROFIRANY,PIERRE_CARDIN,PIERRE,159.0,365386.0,537577/GRAN,290/1,14.76,fabrics
EUROFIRANY,PIERRE_CARDIN,PIERRE,159.0,365385.0,537577/MORS,290/11,14.76,fabrics
EUROFIRANY,PIERRE_CARDIN,PIERRE,159.0,365383.0,537577/MIĘT,290/10,14.76,fabrics
EUROFIRANY,PIERRE_CARDIN,PIERRE,159.0,365384.0,537577/ZIEL,290/31,14.76,fabrics
EUROFIRANY,PIERRE_CARDIN,PIERRE,159.0,365387.0,537577/TURK,290/35,14.76,fabrics
EUROFIRANY,ROYAL,ROYAL,29.0,409408.0,VELVET/PRINT/1KS,140/K+SREB,26.32,fabrics
EUROFIRANY,ROYAL,ROYAL,29.0,407461.0,VELVET/PRINT/1KC,140/BEŻ+MIEDŹ,26.32,fabrics
EUROFIRANY,ROYAL,ROYAL,29.0,418491.0,VELVET/PRINT/45C,140/SZAR+MIEDŹ,26.32,fabrics
EUROFIRANY,ROYAL,ROYAL,29.0,313138.0,VELVET/PRINT/36C,140/ZIEL+MIEDŹ,26.32,fabrics
EUROFIRANY,ROYAL,ROYAL,29.0,407463.0,VELVET/PRINT/80C,140/TURK+MIEDŹ,26.32,fabrics
EUROFIRANY,ROYAL,ROYAL,29.0,409151.0,VELVET/PRINT/48S,140/CZAR+SREB,26.32,fabrics
EUROFIRANY,ROYAL,ROYAL,29.0,312125.0,VELVET/PRINT/45S,140/SREB,26.32,fabrics
EUROFIRANY,ROYAL,ROYAL,91.0,70579.0,STILL/ZAS/K,140/1,14.82,fabrics
EUROFIRANY,ROYAL,ROYAL,91.0,70582.0,STILL/ZAS/SREB,140/15,14.82,fabrics
EUROFIRANY,ROYAL,ROYAL,91.0,70581.0,STILL/ZAS/POPI,140/51,14.82,fabrics
EUROFIRANY,ROYAL,ROYAL,91.0,70577.0,STILL/ZAS/GRAF,140/5,14.82,fabrics
EUROFIRANY,ROYAL,ROYAL,91.0,70578.0,STILL/ZAS/GRAN,140/4,14.82,fabrics
EUROFIRANY,ROYAL,ROYAL,91.0,359493.0,STILL/ZAS/DŻIN,140/41,14.82,fabrics
EUROFIRANY,ROYAL,ROYAL,91.0,70583.0,STILL/ZAS/SZAR,140/14,14.82,fabrics
EUROFIRANY,ROYAL,ROYAL,91.0,70584.0,STILL/ZAS/Ś.SZA,140/16,14.82,fabrics
EUROFIRANY,ROYAL,ROYAL,91.0,359494.0,STILL/ZAS/MUSZ,140/7,14.82,fabrics
EUROFIRANY,ROYAL,ROYAL,91.0,70574.0,STILL/ZAS/C.SZA,140/22,14.82,fabrics
EUROFIRANY,ROYAL,ROYAL,91.0,70580.0,STILL/ZAS/NATU,140/11,14.82,fabrics
EUROFIRANY,ROYAL,ROYAL,91.0,70571.0,STILL/ZAS/BEŻ,140/12,14.82,fabrics
EUROFIRANY,ROYAL,ROYAL,91.0,359495.0,STILL/ZAS/CEGŁ,140/6,14.82,fabrics
EUROFIRANY,ROYAL,ROYAL,91.0,70572.0,STILL/ZAS/BRĄZ,140/21,14.82,fabrics
EUROFIRANY,ROYAL,ROYAL,87.0,351905.0,193584/ZAS/K,280/42394,11.45,fabrics
EUROFIRANY,ROYAL,ROYAL,87.0,323046.0,VELVET/ZAS/J.K1,145/ZF-00,7.74,fabrics
EUROFIRANY,ROYAL,ROYAL,87.0,352923.0,6146/ZAS/K,300/500,15.13,fabrics
EUROFIRANY,ROYAL,ROYAL,87.0,330438.0,193577/ZAS/KAWA,280/HRT-39751,12.08,fabrics
EUROFIRANY,ROYAL,ROYAL,87.0,323279.0,VELVET/ZAS/BEŻ1,145/ZF-25,7.74,fabrics
EUROFIRANY,ROYAL,ROYAL,87.0,352919.0,6146/ZAS/BEŻ,300/7,15.13,fabrics
EUROFIRANY,ROYAL,ROYAL,87.0,311844.0,2072/ZAS/SZAR,280/DM8022,9.16,fabrics
EUROFIRANY,ROYAL,ROYAL,87.0,323083.0,VELVET/ZAS/SREB1,145/ZF-22,7.74,fabrics
EUROFIRANY,ROYAL,ROYAL,87.0,352920.0,6146/ZAS/SR,300/27,15.13,fabrics
EUROFIRANY,ROYAL,ROYAL,87.0,311809.0,29002/ZAS/STAL,300/V11,13.24,fabrics
EUROFIRANY,ROYAL,ROYAL,87.0,322198.0,VELVET/ZAS/POPI,145/EU-16A,7.74,fabrics
EUROFIRANY,ROYAL,ROYAL,87.0,352921.0,6146/ZAS/NIEB,300/10,15.13,fabrics
EUROFIRANY,ROYAL,ROYAL,87.0,351908.0,193584/ZAS/MUSZT,280/42561,11.45,fabrics
EUROFIRANY,ROYAL,ROYAL,87.0,346689.0,VELVET/ZAS/MUSZ,145/YELLOW,7.74,fabrics
EUROFIRANY,ROYAL,ROYAL,87.0,352924.0,6146/ZAS/MUSZ,300/600,15.13,fabrics
EUROFIRANY,ROYAL,ROYAL,87.0,336126.0,9110/ZAS/SZAR,290/V12,10.61,fabrics
EUROFIRANY,ROYAL,ROYAL,87.0,322200.0,VELVET/ZAS/GRAF,145/EU-30B,7.74,fabrics
EUROFIRANY,ROYAL,ROYAL,87.0,352922.0,6146/ZAS/GRAF,300/28,15.13,fabrics
EUROFIRANY,ROYAL,ROYAL,120.0,398874.0,1306/PERU/NATU,300/V01,9.58,fabrics
EUROFIRANY,ROYAL,ROYAL,120.0,398877.0,1306/PERU/NAT+PO,300/V04,9.58,fabrics
EUROFIRANY,ROYAL,ROYAL,120.0,398876.0,1306/PERU/NAT+BE,300/V02,9.58,fabrics
EUROFIRANY,ROYAL,ROYAL,117.0,384306.0,I.VINN/ZAS/NATU,140/21886,11.29,fabrics
EUROFIRANY,ROYAL,ROYAL,117.0,384307.0,I.VINN/ZAS/K,140/21889,11.29,fabrics
EUROFIRANY,ROYAL,ROYAL,117.0,384308.0,I.VINN/ZAS/J.BEŻ,140/21878,11.29,fabrics
EUROFIRANY,ROYAL,ROYAL,117.0,384311.0,I.VINN/ZAS/PUDE,140/21882,11.29,fabrics
EUROFIRANY,ROYAL,ROYAL,117.0,384310.0,I.VINN/ZAS/KAKA,140/21881,11.29,fabrics
EUROFIRANY,ROYAL,ROYAL,117.0,384313.0,I.VINN/ZAS/SR,140/21884,11.29,fabrics
EUROFIRANY,ROYAL,ROYAL,117.0,384314.0,I.VINN/ZAS/STAL,140/21883,11.29,fabrics
EUROFIRANY,ROYAL,ROYAL,117.0,384312.0,I.VINN/ZAS/NIEB,140/10921,11.29,fabrics
EUROFIRANY,ROYAL,ROYAL,117.0,384317.0,I.VINN/ZAS/GRAN,140/21888,11.29,fabrics
EUROFIRANY,ROYAL,ROYAL,117.0,384316.0,I.VINN/ZAS/ZIEL,140/21877,11.29,fabrics
EUROFIRANY,ROYAL,ROYAL,117.0,384318.0,I.VINN/ZAS/CZAR,140/21876,11.29,fabrics
EUROFIRANY,ROYAL,ROYAL,117.0,384315.0,I.VINN/ZAS/GRAF,140/21887,11.29,fabrics
EUROFIRANY,ROYAL,ROYAL,117.0,384309.0,I.VINN/ZAS/KAWA,140/21885,11.29,fabrics
EUROFIRANY,ROYAL,ROYAL,130.0,399260.0,VENTURA/ZAS/NATU,280/V19,16.61,fabrics
EUROFIRANY,ROYAL,ROYAL,130.0,399261.0,VENTURA/ZAS/K,280/V04,16.61,fabrics
EUROFIRANY,ROYAL,ROYAL,130.0,399262.0,VENTURA/ZAS/J.SR,280/V14,16.61,fabrics
EUROFIRANY,ROYAL,ROYAL,130.0,399263.0,VENTURA/ZAS/SR,280/V03,16.61,fabrics
EUROFIRANY,ROYAL,ROYAL,130.0,399264.0,VENTURA/ZAS/BEŻ,280/V06,16.61,fabrics
EUROFIRANY,ROYAL,ROYAL,130.0,399265.0,VENTURA/ZAS/CAPU,280/V22,16.61,fabrics
EUROFIRANY,ROYAL,ROYAL,130.0,399266.0,VENTURA/ZAS/PUDE,280/V30,16.61,fabrics
EUROFIRANY,ROYAL,ROYAL,130.0,399267.0,VENTURA/ZAS/J.TU,280/V34,16.61,fabrics
EUROFIRANY,ROYAL,ROYAL,130.0,399269.0,VENTURA/ZAS/TURK,280/V35,16.61,fabrics
EUROFIRANY,ROYAL,ROYAL,130.0,399270.0,VENTURA/ZAS/GRAN,280/V54,16.61,fabrics
EUROFIRANY,ROYAL,ROYAL,130.0,399271.0,VENTURA/ZAS/GRAF,280/V11,16.61,fabrics
EUROFIRANY,ROYAL,ROYAL,130.0,399272.0,VENTURA/ZAS/STAL,280/V39,16.61,fabrics
EUROFIRANY,ROYAL,ROYAL,130.0,399273.0,VENTURA/ZAS/POPI,280/V02,16.61,fabrics
EUROFIRANY,ROYAL,ROYAL,129.0,399127.0,CALIFORNIA/K,300/V3,11.0,fabrics
EUROFIRANY,ROYAL,ROYAL,129.0,399128.0,CALIFORNIA/BEŻ,300/V6,11.0,fabrics
EUROFIRANY,ROYAL,ROYAL,129.0,399136.0,CALIFORNIA/J.SR,300/V18,11.0,fabrics
EUROFIRANY,ROYAL,ROYAL,129.0,399135.0,CALIFORNIA/SREB,300/V17,11.0,fabrics
EUROFIRANY,ROYAL,ROYAL,129.0,399134.0,CALIFORNIA/POPI,300/V16,11.0,fabrics
EUROFIRANY,ROYAL,ROYAL,129.0,399138.0,CALIFORNIA/C.TUR,300/V23,11.0,fabrics
EUROFIRANY,ROYAL,ROYAL,129.0,399131.0,CALIFORNIA/STAL,300/V15,11.0,fabrics
EUROFIRANY,ROYAL,ROYAL,129.0,399143.0,CALIFORNIA/DŻIN,300/V43,11.0,fabrics
EUROFIRANY,ROYAL,ROYAL,129.0,399142.0,CALIFORNIA/PUDE,300/V40,11.0,fabrics
EUROFIRANY,ROYAL,ROYAL,129.0,399137.0,CALIFORNIA/OLIW,300/V19,11.0,fabrics
EUROFIRANY,ROYAL,ROYAL,129.0,399140.0,CALIFORNIA/C.ZIE,300/V25,11.0,fabrics
EUROFIRANY,ROYAL,ROYAL,129.0,399141.0,CALIFORNIA/CEGŁ,300/V32,11.0,fabrics
EUROFIRANY,ROYAL,ROYAL,129.0,399129.0,CALIFORNIA/CAPU,300/V10,11.0,fabrics
EUROFIRANY,ROYAL,ROYAL,129.0,399130.0,CALIFORNIA/GRAF,300/V14,11.0,fabrics
EUROFIRANY,ROYAL,ROYAL,64.0,318672.0,1662/B,305/102,5.5,fabrics
EUROFIRANY,ROYAL,ROYAL,64.0,318673.0,1662/K,305/103,5.5,fabrics
EUROFIRANY,ROYAL,ROYAL,64.0,318676.0,1662/ZŁOT,305/201,5.5,fabrics
EUROFIRANY,ROYAL,ROYAL,64.0,318674.0,1662/SR,305/402,5.5,fabrics
EUROFIRANY,ROYAL,ROYAL,64.0,321474.0,1662/TURK,305/401,5.5,fabrics
EUROFIRANY,ROYAL,ROYAL,133.0,403086.0,SOPHIA/PERU/B,300/15,12.95,fabrics
EUROFIRANY,ROYAL,ROYAL,133.0,403077.0,SOPHIA/PERU/BEŻ,300/5,12.95,fabrics
EUROFIRANY,ROYAL,ROYAL,133.0,403083.0,SOPHIA/PERU/ZŁ,300/S-2,12.95,fabrics
EUROFIRANY,ROYAL,ROYAL,133.0,403082.0,SOPHIA/PERU/LATT,300/16,12.95,fabrics
EUROFIRANY,ROYAL,ROYAL,133.0,403085.0,SOPHIA/PERU/MIĘT,300/S-6,12.95,fabrics
EUROFIRANY,ROYAL,ROYAL,133.0,403084.0,SOPHIA/PERU/GRAN,300/S-7,12.95,fabrics
