article,name,collection,width_cm,composition,price_eur,direction,vert_repeat,horiz_repeat
9751661-01,orama anthracite,HANGER ORAMA,300,59%cot 41%pol,18.00,woven railroaded,vert.repeat 0,horiz.repeat 0
9751618-01,orama grey,HANGER ORAMA,300,59%cot 41%pol,18.00,woven railroaded,vert.repeat 0,horiz.repeat 0
9751619-01,orama sand,HANGER ORAMA,300,59%cot 41%pol,18.00,woven railroaded,vert.repeat 0,horiz.repeat 0
9751664-01,orama l.grey,HANGER ORAMA,300,59%cot 41%pol,18.00,woven railroaded,vert.repeat 0,horiz.repeat 0
9751611-01,orama natur,HANGER ORAMA,300,59%cot 41%pol,18.00,woven railroaded,vert.repeat 0,horiz.repeat 0
9751612-01,orama beige,HANGER ORAMA,300,59%cot 41%pol,18.00,woven railroaded,vert.repeat 0,horiz.repeat 0
9751617-01,orama chocolate,HANGER ORAMA,300,59%cot 41%pol,18.00,woven railroaded,vert.repeat 0,horiz.repeat 0
9751683-01,orama l.taupe,HANGER ORAMA,300,59%cot 41%pol,18.00,woven railroaded,vert.repeat 0,horiz.repeat 0
8102211-05,sweetness natur-powder,HANGER SWEETNESS,315,100%pol,20.00,woven railroaded,vert.repeat 10cm-4",horiz.repeat 8cm-3"
8102211-04,sweetness natur-mint,HANGER SWEETNESS,315,100%pol,20.00,woven railroaded,vert.repeat 10cm-4",horiz.repeat 8cm-3"
8102211-03,sweetness natur-grey,HANGER SWEETNESS,315,100%pol,20.00,woven railroaded,vert.repeat 10cm-4",horiz.repeat 8cm-3"
8102211-02,sweetness natur,HANGER SWEETNESS,315,100%pol,20.00,woven railroaded,vert.repeat 10cm-4",horiz.repeat 8cm-3"
5281218-01,history grey,WATERFALL HISTORY,315,70%pol 30%lin,25.00,woven railroaded,vert.repeat 0,horiz.repeat 0
5281264-01,history l.grey,WATERFALL HISTORY,315,70%pol 30%lin,25.00,woven railroaded,vert.repeat 0,horiz.repeat 0
5281210-01,history white,WATERFALL HISTORY,315,70%pol 30%lin,25.00,woven railroaded,vert.repeat 0,horiz.repeat 0
5281211-01,history natur,WATERFALL HISTORY,315,70%pol 30%lin,25.00,woven railroaded,vert.repeat 0,horiz.repeat 0
5281272-01,history ecru,WATERFALL HISTORY,315,70%pol 30%lin,25.00,woven railroaded,vert.repeat 0,horiz.repeat 0
5281212-01,history beige,WATERFALL HISTORY,315,70%pol 30%lin,25.00,woven railroaded,vert.repeat 0,horiz.repeat 0
5281219-01,history sand,WATERFALL HISTORY,315,70%pol 30%lin,25.00,woven railroaded,vert.repeat 0,horiz.repeat 0
5281283-01,history l.taupe,WATERFALL HISTORY,315,70%pol 30%lin,25.00,woven railroaded,vert.repeat 0,horiz.repeat 0
5281236-01,history olive,WATERFALL HISTORY,315,70%pol 30%lin,25.00,woven railroaded,vert.repeat 0,horiz.repeat 0
6394611-01,montana natur,HANGER MONTANA,310,62%pan 38%pol,22.00,woven railroaded,vert.repeat 0,horiz.repeat 0
6394612-01,montana beige,HANGER MONTANA,310,62%pan 38%pol,22.00,woven railroaded,vert.repeat 0,horiz.repeat 0
6394664-01,montana l.grey,HANGER MONTANA,310,62%pan 38%pol,22.00,woven railroaded,vert.repeat 0,horiz.repeat 0
6394629-01,montana l.blue,HANGER MONTANA,310,62%pan 38%pol,22.00,woven railroaded,vert.repeat 0,horiz.repeat 0
6394621-01,montana blue,HANGER MONTANA,310,62%pan 38%pol,22.00,woven railroaded,vert.repeat 0,horiz.repeat 0
6394668-01,montana elephant,HANGER MONTANA,310,62%pan 38%pol,22.00,woven railroaded,vert.repeat 0,horiz.repeat 0
6394658-01,montana ancient pink,HANGER MONTANA,310,62%pan 38%pol,22.00,woven railroaded,vert.repeat 0,horiz.repeat 0
5307861-01,estrada anthracite,HANGER ESTRADA,320,100%pol,18.00,woven railroaded,vert.repeat 0,horiz.repeat 0
5307883-01,estrada l.taupe,HANGER ESTRADA,320,100%pol,18.00,woven railroaded,vert.repeat 0,horiz.repeat 0
5307822-01,estrada powder,HANGER ESTRADA,320,100%pol,18.00,woven railroaded,vert.repeat 0,horiz.repeat 0
5307825-01,estrada l.pink,HANGER ESTRADA,320,100%pol,18.00,woven railroaded,vert.repeat 0,horiz.repeat 0
5307888-01,estrada blue-grey,HANGER ESTRADA,320,100%pol,18.00,woven railroaded,vert.repeat 0,horiz.repeat 0
5307864-01,estrada l.grey,HANGER ESTRADA,320,100%pol,18.00,woven railroaded,vert.repeat 0,horiz.repeat 0
5307837-01,estrada ice,HANGER ESTRADA,320,100%pol,18.00,woven railroaded,vert.repeat 0,horiz.repeat 0
5307836-01,estrada olive,HANGER ESTRADA,320,100%pol,18.00,woven railroaded,vert.repeat 0,horiz.repeat 0
3804612-01,smile beige,WATERFALL SMILE & ADMIRE,320,100%pol,14.00,woven railroaded,vert.repeat 0,horiz.repeat 0
3804670-01,smile off white,WATERFALL SMILE & ADMIRE,320,100%pol,14.00,woven railroaded,vert.repeat 0,horiz.repeat 0
3804664-01,smile l.grey,WATERFALL SMILE & ADMIRE,320,100%pol,14.00,woven railroaded,vert.repeat 0,horiz.repeat 0
3804620-01,smile taupe,WATERFALL SMILE & ADMIRE,320,100%pol,14.00,woven railroaded,vert.repeat 0,horiz.repeat 0
3804665-01,smile wenge,WATERFALL SMILE & ADMIRE,320,100%pol,14.00,woven railroaded,vert.repeat 0,horiz.repeat 0
3804611-01,smile natur,WATERFALL SMILE & ADMIRE,320,100%pol,14.00,woven railroaded,vert.repeat 0,horiz.repeat 0
3807922-01,admire powder,WATERFALL SMILE & ADMIRE,320,100%pol,16.00,woven railroaded,vert.repeat 0,horiz.repeat 0
3807970-01,admire off white,WATERFALL SMILE & ADMIRE,320,100%pol,16.00,woven railroaded,vert.repeat 0,horiz.repeat 0
3807911-01,admire natur,WATERFALL SMILE & ADMIRE,320,100%pol,16.00,woven railroaded,vert.repeat 0,horiz.repeat 0
3807983-01,admire l.taupe,WATERFALL SMILE & ADMIRE,320,100%pol,16.00,woven railroaded,vert.repeat 0,horiz.repeat 0
3807964-01,admire l.grey,WATERFALL SMILE & ADMIRE,320,100%pol,16.00,woven railroaded,vert.repeat 0,horiz.repeat 0
3807937-01,admire ice,WATERFALL SMILE & ADMIRE,320,100%pol,16.00,woven railroaded,vert.repeat 0,horiz.repeat 0
3807918-01,admire grey,WATERFALL SMILE & ADMIRE,320,100%pol,16.00,woven railroaded,vert.repeat 0,horiz.repeat 0
3807917-01,admire chocolate,WATERFALL SMILE & ADMIRE,320,100%pol,16.00,woven railroaded,vert.repeat 0,horiz.repeat 0
3807912-01,admire beige,WATERFALL SMILE & ADMIRE,320,100%pol,16.00,woven railroaded,vert.repeat 0,horiz.repeat 0
3807992-01,admire mint,WATERFALL SMILE & ADMIRE,320,100%pol,16.00,woven railroaded,vert.repeat 0,horiz.repeat 0
3807984-01,admire aqua,WATERFALL SMILE & ADMIRE,320,100%pol,16.00,woven railroaded,vert.repeat 0,horiz.repeat 0
3807929-01,admire l.blue,WATERFALL SMILE & ADMIRE,320,100%pol,16.00,woven railroaded,vert.repeat 0,horiz.repeat 0
3804622-01,smile powder,WATERFALL SMILE & ADMIRE,320,100%pol,14.00,woven railroaded,vert.repeat 0,horiz.repeat 0
3804683-01,smile l.taupe,WATERFALL SMILE & ADMIRE,320,100%pol,14.00,woven railroaded,vert.repeat 0,horiz.repeat 0
3804637-01,smile ice,WATERFALL SMILE & ADMIRE,320,100%pol,14.00,woven railroaded,vert.repeat 0,horiz.repeat 0
3804618-01,smile grey,WATERFALL SMILE & ADMIRE,320,100%pol,14.00,woven railroaded,vert.repeat 0,horiz.repeat 0
3804617-01,smile chocolate,WATERFALL SMILE & ADMIRE,320,100%pol,14.00,woven railroaded,vert.repeat 0,horiz.repeat 0
3804614-01,smile d.beige,WATERFALL SMILE & ADMIRE,320,100%pol,14.00,woven railroaded,vert.repeat 0,horiz.repeat 0
3804692-01,smile mint,WATERFALL SMILE & ADMIRE,320,100%pol,14.00,woven railroaded,vert.repeat 0,horiz.repeat 0
3804684-01,smile aqua,WATERFALL SMILE & ADMIRE,320,100%pol,14.00,woven railroaded,vert.repeat 0,horiz.repeat 0
3804629-01,smile l.blue,WATERFALL SMILE & ADMIRE,320,100%pol,14.00,woven railroaded,vert.repeat 0,horiz.repeat 0
3807955-01,admire pink,WATERFALL SMILE & ADMIRE,320,100%pol,16.00,woven railroaded,vert.repeat 0,horiz.repeat 0
3804656-01,smile d.pink,WATERFALL SMILE & ADMIRE,320,100%pol,14.00,woven railroaded,vert.repeat 0,horiz.repeat 0
3807965-01,admire wenge,WATERFALL SMILE & ADMIRE,320,100%pol,16.00,woven railroaded,vert.repeat 0,horiz.repeat 0
3807920-01,admire taupe,WATERFALL SMILE & ADMIRE,320,100%pol,16.00,woven railroaded,vert.repeat 0,horiz.repeat 0
3807913-01,admire l.beige,WATERFALL SMILE & ADMIRE,320,100%pol,16.00,woven railroaded,vert.repeat 0,horiz.repeat 0
5251612-01,national beige,WATERFALL NATIONAL,300,74%pan 18%cv 8%wo,33.00,woven railroaded,vert.repeat 0,horiz.repeat 0
5251614-01,national d.beige,WATERFALL NATIONAL,300,74%pan 18%cv 8%wo,33.00,woven railroaded,vert.repeat 0,horiz.repeat 0
5251659-01,national grey-brown,WATERFALL NATIONAL,300,74%pan 18%cv 8%wo,33.00,woven railroaded,vert.repeat 0,horiz.repeat 0
5251620-01,national taupe,WATERFALL NATIONAL,300,74%pan 18%cv 8%wo,33.00,woven railroaded,vert.repeat 0,horiz.repeat 0
5251661-01,national anthracite,WATERFALL NATIONAL,300,74%pan 18%cv 8%wo,33.00,woven railroaded,vert.repeat 0,horiz.repeat 0
5251671-01,national d.grey,WATERFALL NATIONAL,300,74%pan 18%cv 8%wo,33.00,woven railroaded,vert.repeat 0,horiz.repeat 0
5251664-01,national l.grey,WATERFALL NATIONAL,300,74%pan 18%cv 8%wo,33.00,woven railroaded,vert.repeat 0,horiz.repeat 0
5251611-01,national natur,WATERFALL NATIONAL,300,74%pan 18%cv 8%wo,33.00,woven railroaded,vert.repeat 0,horiz.repeat 0
5251670-01,national off white,WATERFALL NATIONAL,300,74%pan 18%cv 8%wo,33.00,woven railroaded,vert.repeat 0,horiz.repeat 0
5652333-01,glory brown,HANGER GLORY,315,63%pan 37%pol,25.00,woven railroaded,vert.repeat 0,horiz.repeat 0
5652312-01,glory beige,HANGER GLORY,315,63%pan 37%pol,25.00,woven railroaded,vert.repeat 0,horiz.repeat 0
5652364-01,glory l.grey,HANGER GLORY,315,63%pan 37%pol,25.00,woven railroaded,vert.repeat 0,horiz.repeat 0
5652337-01,glory ice,HANGER GLORY,315,63%pan 37%pol,25.00,woven railroaded,vert.repeat 0,horiz.repeat 0
5652310-01,glory white,HANGER GLORY,315,63%pan 37%pol,25.00,woven railroaded,vert.repeat 0,horiz.repeat 0
2971609-05,public d.beige,HANGER PUBLIC,320,100%pol,11.50,woven railroaded,vert.repeat 0,horiz.repeat 0
2971609-06,public l.beige,HANGER PUBLIC,320,100%pol,11.50,woven railroaded,vert.repeat 0,horiz.repeat 0
2971609-07,public natur,HANGER PUBLIC,320,100%pol,11.50,woven railroaded,vert.repeat 0,horiz.repeat 0
2971609-08,public white,HANGER PUBLIC,320,100%pol,11.50,woven railroaded,vert.repeat 0,horiz.repeat 0
2971609-09,public ice,HANGER PUBLIC,320,100%pol,11.50,woven railroaded,vert.repeat 0,horiz.repeat 0
2971609-10,public l.grey,HANGER PUBLIC,320,100%pol,11.50,woven railroaded,vert.repeat 0,horiz.repeat 0
2971609-11,public grey,HANGER PUBLIC,320,100%pol,11.50,woven railroaded,vert.repeat 0,horiz.repeat 0
2971609-19,public l.blue,HANGER PUBLIC,320,100%pol,11.50,woven railroaded,vert.repeat 0,horiz.repeat 0
2971609-36,public l.pink,HANGER PUBLIC,320,100%pol,11.50,woven railroaded,vert.repeat 0,horiz.repeat 0
2971609-38,public aqua,HANGER PUBLIC,320,100%pol,11.50,woven railroaded,vert.repeat 0,horiz.repeat 0
2971609-34,public blue-grey,HANGER PUBLIC,320,100%pol,11.50,woven railroaded,vert.repeat 0,horiz.repeat 0
2971609-37,public l.aqua,HANGER PUBLIC,320,100%pol,11.50,woven railroaded,vert.repeat 0,horiz.repeat 0
2971609-33,public extra white,HANGER PUBLIC,320,100%pol,11.50,woven railroaded,vert.repeat 0,horiz.repeat 0
4171609-05,look l.taupe,HANGER LOOK,320,100%pol,9.00,woven railroaded,vert.repeat 0,horiz.repeat 0
4171609-07,look ice,HANGER LOOK,320,100%pol,9.00,woven railroaded,vert.repeat 0,horiz.repeat 0
4171609-08,look white,HANGER LOOK,320,100%pol,9.00,woven railroaded,vert.repeat 0,horiz.repeat 0
4171609-09,look off white,HANGER LOOK,320,100%pol,9.00,woven railroaded,vert.repeat 0,horiz.repeat 0
4171609-10,look ivory,HANGER LOOK,320,100%pol,9.00,woven railroaded,vert.repeat 0,horiz.repeat 0
4171609-11,look natur,HANGER LOOK,320,100%pol,9.00,woven railroaded,vert.repeat 0,horiz.repeat 0
4171609-12,look l.beige,HANGER LOOK,320,100%pol,9.00,woven railroaded,vert.repeat 0,horiz.repeat 0
4171609-16,look taupe,HANGER LOOK,320,100%pol,9.00,woven railroaded,vert.repeat 0,horiz.repeat 0
4171609-28,look blue,HANGER LOOK,320,100%pol,9.00,woven railroaded,vert.repeat 0,horiz.repeat 0
4171609-50,look l.pink,HANGER LOOK,320,100%pol,9.00,woven railroaded,vert.repeat 0,horiz.repeat 0
4001670-01,astra off white,HANGER HOTEL ROOM OFF WHITE,315,100%pol,7.50,woven railroaded,vert.repeat 0,horiz.repeat 0
4005470-01,follow off white,HANGER HOTEL ROOM OFF WHITE,320,100%pol,9.50,woven railroaded,vert.repeat 0,horiz.repeat 0
5306811-02,prisma natur,HANGER HOTEL ROOM OFF WHITE,300,100%pol,11.00,woven railroaded,vert.repeat 0,horiz.repeat 0
7901111-01,faraway natur,HANGER HOTEL ROOM OFF WHITE,320,100%pol,9.50,woven railroaded,vert.repeat 0,horiz.repeat 0
5704370-01,marble off white,HANGER HOTEL ROOM OFF WHITE,330,100%pol,9.50,woven railroaded,vert.repeat 0,horiz.repeat 0
5208370-01,fishbone off white,HANGER HOTEL ROOM OFF WHITE,305,100%pol,9.50,woven railroaded,vert.repeat 0,horiz.repeat 0
5701770-01,rank off white,HANGER HOTEL ROOM OFF WHITE,300,100%pol,8.50,woven railroaded,vert.repeat 0,horiz.repeat 0
5301111-02,usual natur,HANGER HOTEL ROOM OFF WHITE,290,100%pol,8.00,woven railroaded,vert.repeat 0,horiz.repeat 0
6304670-01,etto off white,HANGER HOTEL ROOM OFF WHITE,320,100%pol,9.00,woven railroaded,vert.repeat 0,horiz.repeat 0
5206811-01,until natur,HANGER HOTEL ROOM OFF WHITE,305,100%pol,10.50,woven railroaded,vert.repeat 0,horiz.repeat 0
5174937-01,assetto ice,HANGER HOTEL ROOM OFF WHITE,325,100%pol,5.00,woven railroaded,vert.repeat 0,horiz.repeat 0
35-1209-04,anemos natur,BOOK ECO & LINENS,310,53%lin 47%cot,35.00,woven railroaded,vert.repeat 0,horiz.repeat 0
35-1209-05,anemos off white,BOOK ECO & LINENS,310,53%lin 47%cot,35.00,woven railroaded,vert.repeat 0,horiz.repeat 0
35-1209-06,anemos white,BOOK ECO & LINENS,310,53%lin 47%cot,35.00,woven railroaded,vert.repeat 0,horiz.repeat 0
35-1209-07,anemos ice,BOOK ECO & LINENS,310,53%lin 47%cot,35.00,woven railroaded,vert.repeat 0,horiz.repeat 0
35-1209-08,anemos l.grey,BOOK ECO & LINENS,310,53%lin 47%cot,35.00,woven railroaded,vert.repeat 0,horiz.repeat 0
35-1209-09,anemos grey,BOOK ECO & LINENS,310,53%lin 47%cot,35.00,woven railroaded,vert.repeat 0,horiz.repeat 0
91-1211-01,premiere natur,BOOK ECO & LINENS,290,50%lin 50%pol,29.00,woven railroaded,vert.repeat 0,horiz.repeat 0
91-1237-01,premiere ice,BOOK ECO & LINENS,290,50%lin 50%pol,29.00,woven railroaded,vert.repeat 0,horiz.repeat 0
91-1264-01,premiere l.grey,BOOK ECO & LINENS,290,50%lin 50%pol,29.00,woven railroaded,vert.repeat 0,horiz.repeat 0
56-1210-01,downtown white,BOOK ECO & LINENS,320,100%lin,40.00,woven railroaded,vert.repeat 0,horiz.repeat 0
56-1211-01,downtown natur,BOOK ECO & LINENS,320,100%lin,40.00,woven railroaded,vert.repeat 0,horiz.repeat 0
56-1220-01,downtown taupe,BOOK ECO & LINENS,320,100%lin,40.00,woven railroaded,vert.repeat 0,horiz.repeat 0
56-1237-01,downtown ice,BOOK ECO & LINENS,320,100%lin,40.00,woven railroaded,vert.repeat 0,horiz.repeat 0
56-1218-01,downtown grey,BOOK ECO & LINENS,320,100%lin,40.00,woven railroaded,vert.repeat 0,horiz.repeat 0
3501210-01,jasmine white,BOOK ECO & LINENS,310,100%lin,35.00,woven railroaded,vert.repeat 0,horiz.repeat 0
3501211-01,jasmine natur,BOOK ECO & LINENS,310,100%lin,35.00,woven railroaded,vert.repeat 0,horiz.repeat 0
3501220-01,jasmine taupe,BOOK ECO & LINENS,310,100%lin,35.00,woven railroaded,vert.repeat 0,horiz.repeat 0
3501212-01,jasmine beige,BOOK ECO & LINENS,310,100%lin,35.00,woven railroaded,vert.repeat 0,horiz.repeat 0
2201211-01,buenos aires natur,BOOK ECO & LINENS,300,50%lin 50%pol,38.00,woven railroaded,vert.repeat 0,horiz.repeat 0
2201210-01,buenos aires white,BOOK ECO & LINENS,300,50%lin 50%pol,38.00,woven railroaded,vert.repeat 0,horiz.repeat 0
2201237-01,buenos aires ice,BOOK ECO & LINENS,300,50%lin 50%pol,38.00,woven railroaded,vert.repeat 0,horiz.repeat 0
3501210-03,easy white,BOOK ECO & LINENS,295,58%lin 42%cot,40.00,woven railroaded,vert.repeat 0,horiz.repeat 0
3501270-01,easy off white,BOOK ECO & LINENS,295,58%lin 42%cot,40.00,woven railroaded,vert.repeat 0,horiz.repeat 0
3501264-01,easy l.grey,BOOK ECO & LINENS,295,58%lin 42%cot,40.00,woven railroaded,vert.repeat 0,horiz.repeat 0
3501237-01,easy ice,BOOK ECO & LINENS,295,58%lin 42%cot,40.00,woven railroaded,vert.repeat 0,horiz.repeat 0
4801210-03,obvious white,BOOK ECO & LINENS,300,100%lin,45.00,woven railroaded,vert.repeat 0,horiz.repeat 0
4801211-05,obvious natur,BOOK ECO & LINENS,300,100%lin,45.00,woven railroaded,vert.repeat 0,horiz.repeat 0
4801264-01,obvious l.grey,BOOK ECO & LINENS,300,100%lin,45.00,woven railroaded,vert.repeat 0,horiz.repeat 0
9101210-02,zen white,BOOK ECO & LINENS,300,56%pol 44%lin,25.00,woven railroaded,vert.repeat 0,horiz.repeat 0
9101270-02,zen off white,BOOK ECO & LINENS,300,56%pol 44%lin,25.00,woven railroaded,vert.repeat 0,horiz.repeat 0
9101211-02,zen natur,BOOK ECO & LINENS,300,56%pol 44%lin,25.00,woven railroaded,vert.repeat 0,horiz.repeat 0
9101283-02,zen l.taupe,BOOK ECO & LINENS,300,56%pol 44%lin,25.00,woven railroaded,vert.repeat 0,horiz.repeat 0
9101220-01,zen taupe,BOOK ECO & LINENS,300,56%pol 44%lin,25.00,woven railroaded,vert.repeat 0,horiz.repeat 0
9101264-02,zen l.grey,BOOK ECO & LINENS,300,56%pol 44%lin,25.00,woven railroaded,vert.repeat 0,horiz.repeat 0
9101237-02,zen ice,BOOK ECO & LINENS,300,56%pol 44%lin,25.00,woven railroaded,vert.repeat 0,horiz.repeat 0
9101289-02,zen stone,BOOK ECO & LINENS,300,56%pol 44%lin,25.00,woven railroaded,vert.repeat 0,horiz.repeat 0
9101210-01,quiet white,BOOK ECO & LINENS,300,55%pol 45%lin,21.00,woven railroaded,vert.repeat 0,horiz.repeat 0
9101270-01,quiet off white,BOOK ECO & LINENS,300,55%pol 45%lin,21.00,woven railroaded,vert.repeat 0,horiz.repeat 0
9101211-01,quiet natur,BOOK ECO & LINENS,300,55%pol 45%lin,21.00,woven railroaded,vert.repeat 0,horiz.repeat 0
9101283-01,quiet l.taupe,BOOK ECO & LINENS,300,55%pol 45%lin,21.00,woven railroaded,vert.repeat 0,horiz.repeat 0
9101264-01,quiet l.grey,BOOK ECO & LINENS,300,55%pol 45%lin,21.00,woven railroaded,vert.repeat 0,horiz.repeat 0
9101237-01,quiet ice,BOOK ECO & LINENS,300,55%pol 45%lin,21.00,woven railroaded,vert.repeat 0,horiz.repeat 0
9101289-01,quiet stone,BOOK ECO & LINENS,300,55%pol 45%lin,21.00,woven railroaded,vert.repeat 0,horiz.repeat 0
3501218-01,jasmine grey,BOOK ECO & LINENS,310,100%lin,35.00,woven railroaded,vert.repeat 0,horiz.repeat 0
3501213-02,jasmine l.beige,BOOK ECO & LINENS,310,100%lin,35.00,woven railroaded,vert.repeat 0,horiz.repeat 0
4801218-08,obvious grey,BOOK ECO & LINENS,300,100%lin,45.00,woven railroaded,vert.repeat 0,horiz.repeat 0
4801276-01,obvious ivory,BOOK ECO & LINENS,300,100%lin,45.00,woven railroaded,vert.repeat 0,horiz.repeat 0
4801219-02,obvious sand,BOOK ECO & LINENS,300,100%lin,45.00,woven railroaded,vert.repeat 0,horiz.repeat 0
4801289-01,obvious stone,BOOK ECO & LINENS,300,100%lin,45.00,woven railroaded,vert.repeat 0,horiz.repeat 0
4801224-01,obvious d.taupe,BOOK ECO & LINENS,300,100%lin,45.00,woven railroaded,vert.repeat 0,horiz.repeat 0
8203219-01,simplicity sand,BOOK ECO & LINENS,310,60%pol 40%lin,26.00,woven railroaded,vert.repeat 0,horiz.repeat 0
8203272-01,simplicity ecru,BOOK ECO & LINENS,310,60%pol 40%lin,26.00,woven railroaded,vert.repeat 0,horiz.repeat 0
8203270-01,simplicity off white,BOOK ECO & LINENS,310,60%pol 40%lin,26.00,woven railroaded,vert.repeat 0,horiz.repeat 0
8203210-01,simplicity white,BOOK ECO & LINENS,310,60%pol 40%lin,26.00,woven railroaded,vert.repeat 0,horiz.repeat 0
8203237-01,simplicity ice,BOOK ECO & LINENS,310,60%pol 40%lin,26.00,woven railroaded,vert.repeat 0,horiz.repeat 0
8203264-01,simplicity l.grey,BOOK ECO & LINENS,310,60%pol 40%lin,26.00,woven railroaded,vert.repeat 0,horiz.repeat 0
8203290-01,simplicity l.aqua,BOOK ECO & LINENS,310,60%pol 40%lin,26.00,woven railroaded,vert.repeat 0,horiz.repeat 0
3501210-06,kind white,BOOK ECO & LINENS,300,100%lin,57.00,woven railroaded,vert.repeat 0,horiz.repeat 0
3501211-06,kind natur,BOOK ECO & LINENS,300,100%lin,57.00,woven railroaded,vert.repeat 0,horiz.repeat 0
3501220-06,kind taupe,BOOK ECO & LINENS,300,100%lin,57.00,woven railroaded,vert.repeat 0,horiz.repeat 0
3501220-05,passion taupe,BOOK ECO & LINENS,310,100%lin,47.00,woven railroaded,vert.repeat 0,horiz.repeat 0
3501210-05,passion white,BOOK ECO & LINENS,310,100%lin,47.00,woven railroaded,vert.repeat 0,horiz.repeat 0
3501211-05,passion natur,BOOK ECO & LINENS,310,100%lin,47.00,woven railroaded,vert.repeat 0,horiz.repeat 0
3501210-04,gentle white,BOOK ECO & LINENS,320,100%lin,42.00,woven railroaded,vert.repeat 0,horiz.repeat 0
3501211-04,gentle natur,BOOK ECO & LINENS,320,100%lin,42.00,woven railroaded,vert.repeat 0,horiz.repeat 0
3501220-04,gentle taupe,BOOK ECO & LINENS,320,100%lin,42.00,woven railroaded,vert.repeat 0,horiz.repeat 0
5141292-01,prefer mint,BOOK ECO & LINENS,300,100%lin,26.00,woven railroaded,vert.repeat 0,horiz.repeat 0
5141287-01,prefer green tea,BOOK ECO & LINENS,300,100%lin,26.00,woven railroaded,vert.repeat 0,horiz.repeat 0
5141294-01,prefer d.aqua,BOOK ECO & LINENS,300,100%lin,26.00,woven railroaded,vert.repeat 0,horiz.repeat 0
5141237-01,prefer ice,BOOK ECO & LINENS,300,100%lin,26.00,woven railroaded,vert.repeat 0,horiz.repeat 0
5141210-01,prefer white,BOOK ECO & LINENS,300,100%lin,26.00,woven railroaded,vert.repeat 0,horiz.repeat 0
5141211-01,prefer natur,BOOK ECO & LINENS,300,100%lin,26.00,woven railroaded,vert.repeat 0,horiz.repeat 0
5141219-01,prefer sand,BOOK ECO & LINENS,300,100%lin,26.00,woven railroaded,vert.repeat 0,horiz.repeat 0
5141212-01,prefer beige,BOOK ECO & LINENS,300,100%lin,26.00,woven railroaded,vert.repeat 0,horiz.repeat 0
5141264-01,prefer l.grey,BOOK ECO & LINENS,300,100%lin,26.00,woven railroaded,vert.repeat 0,horiz.repeat 0
5141268-01,prefer elephant,BOOK ECO & LINENS,300,100%lin,26.00,woven railroaded,vert.repeat 0,horiz.repeat 0
5141220-01,prefer taupe,BOOK ECO & LINENS,300,100%lin,26.00,woven railroaded,vert.repeat 0,horiz.repeat 0
9101229-02,zen l.blue,BOOK ECO & LINENS,300,56%pol 44%lin,25.00,woven railroaded,vert.repeat 0,horiz.repeat 0
9101222-02,zen powder,BOOK ECO & LINENS,300,56%pol 44%lin,25.00,woven railroaded,vert.repeat 0,horiz.repeat 0
9101284-02,zen aqua,BOOK ECO & LINENS,300,56%pol 44%lin,25.00,woven railroaded,vert.repeat 0,horiz.repeat 0
9101284-01,quiet aqua,BOOK ECO & LINENS,300,55%pol 45%lin,21.00,woven railroaded,vert.repeat 0,horiz.repeat 0
9101229-01,quiet l.blue,BOOK ECO & LINENS,300,55%pol 45%lin,21.00,woven railroaded,vert.repeat 0,horiz.repeat 0
9101222-01,quiet powder,BOOK ECO & LINENS,300,55%pol 45%lin,21.00,woven railroaded,vert.repeat 0,horiz.repeat 0
91-1270-01,premiere off white,BOOK ECO & LINENS,290,50%lin 50%pol,29.00,woven railroaded,vert.repeat 0,horiz.repeat 0
91-1290-01,premiere l.aqua,BOOK ECO & LINENS,290,50%lin 50%pol,29.00,woven railroaded,vert.repeat 0,horiz.repeat 0
91-1272-01,premiere ecru,BOOK ECO & LINENS,290,50%lin 50%pol,29.00,woven railroaded,vert.repeat 0,horiz.repeat 0
91-1283-01,premiere l.taupe,BOOK ECO & LINENS,290,50%lin 50%pol,29.00,woven railroaded,vert.repeat 0,horiz.repeat 0
4893264-01,avra l.grey,BOOK ECO & LINENS,300,100%lin,55.00,woven railroaded,vert.repeat 0,horiz.repeat 0
4893284-01,avra aqua,BOOK ECO & LINENS,300,100%lin,55.00,woven railroaded,vert.repeat 0,horiz.repeat 0
4893211-01,avra natur,BOOK ECO & LINENS,300,100%lin,55.00,woven railroaded,vert.repeat 0,horiz.repeat 0
4893210-01,avra white,BOOK ECO & LINENS,300,100%lin,55.00,woven railroaded,vert.repeat 0,horiz.repeat 0
4893218-01,avra grey,BOOK ECO & LINENS,300,100%lin,55.00,woven railroaded,vert.repeat 0,horiz.repeat 0
4893220-01,avra taupe,BOOK ECO & LINENS,300,100%lin,55.00,woven railroaded,vert.repeat 0,horiz.repeat 0
4893219-01,avra sand,BOOK ECO & LINENS,300,100%lin,55.00,woven railroaded,vert.repeat 0,horiz.repeat 0
"5154683-01","castello l.taupe","BOOK ECO & LINENS",305,"26pol 26pan 26cot 11li 11cv",40.00,woven railroaded,vert.repeat 0,horiz.repeat 0
"5154611-01","castello natur","BOOK ECO & LINENS",305,"26pol 26pan 26cot 11li 11cv",40.00,woven railroaded,vert.repeat 0,horiz.repeat 0
"5154664-01","castello l.grey-natur","BOOK ECO & LINENS",305,"26pol 26pan 26cot 11li 11cv",40.00,woven railroaded,vert.repeat 0,horiz.repeat 0
6503217-01,linea chocolate,BOOK ECO & LINENS,320,70%pol 30%lin,23.00,woven railroaded,vert.repeat 0,horiz.repeat 0
6503219-01,linea sand,BOOK ECO & LINENS,320,70%pol 30%lin,23.00,woven railroaded,vert.repeat 0,horiz.repeat 0
6503211-01,linea natur,BOOK ECO & LINENS,320,70%pol 30%lin,23.00,woven railroaded,vert.repeat 0,horiz.repeat 0
6503210-01,linea white,BOOK ECO & LINENS,320,70%pol 30%lin,23.00,woven railroaded,vert.repeat 0,horiz.repeat 0
6503237-01,linea ice,BOOK ECO & LINENS,320,70%pol 30%lin,23.00,woven railroaded,vert.repeat 0,horiz.repeat 0
6503236-01,linea olive,BOOK ECO & LINENS,320,70%pol 30%lin,23.00,woven railroaded,vert.repeat 0,horiz.repeat 0
4893292-01,avra mint,BOOK ECO & LINENS,300,100%lin,55.00,woven railroaded,vert.repeat 0,horiz.repeat 0
4891292-01,tiffany mint,BOOK ECO & LINENS,300,100%lin,50.00,woven railroaded,vert.repeat 0,horiz.repeat 0
4891284-01,tiffany aqua,BOOK ECO & LINENS,300,100%lin,50.00,woven railroaded,vert.repeat 0,horiz.repeat 0
4891264-01,tiffany l.grey,BOOK ECO & LINENS,300,100%lin,50.00,woven railroaded,vert.repeat 0,horiz.repeat 0
4891289-01,tiffany stone,BOOK ECO & LINENS,300,100%lin,50.00,woven railroaded,vert.repeat 0,horiz.repeat 0
4891283-01,tiffany l.taupe,BOOK ECO & LINENS,300,100%lin,50.00,woven railroaded,vert.repeat 0,horiz.repeat 0
4891210-01,tiffany white,BOOK ECO & LINENS,300,100%lin,50.00,woven railroaded,vert.repeat 0,horiz.repeat 0
4891222-01,tiffany powder,BOOK ECO & LINENS,300,100%lin,50.00,woven railroaded,vert.repeat 0,horiz.repeat 0
4891287-01,tiffany green tea,BOOK ECO & LINENS,300,100%lin,50.00,woven railroaded,vert.repeat 0,horiz.repeat 0
5231222-01,retro powder,BOOK ECO & LINENS,300,51%lin 49%cot,30.00,woven railroaded,vert.repeat 0,horiz.repeat 0
5231250-01,retro sky blue,BOOK ECO & LINENS,300,51%lin 49%cot,30.00,woven railroaded,vert.repeat 0,horiz.repeat 0
5231287-01,retro green tea,BOOK ECO & LINENS,300,51%lin 49%cot,30.00,woven railroaded,vert.repeat 0,horiz.repeat 0
5231292-01,retro mint,BOOK ECO & LINENS,300,51%lin 49%cot,30.00,woven railroaded,vert.repeat 0,horiz.repeat 0
5231217-01,retro chocolate,BOOK ECO & LINENS,300,51%lin 49%cot,30.00,woven railroaded,vert.repeat 0,horiz.repeat 0
5231257-01,retro mocha,BOOK ECO & LINENS,300,51%lin 49%cot,30.00,woven railroaded,vert.repeat 0,horiz.repeat 0
5231219-01,retro sand,BOOK ECO & LINENS,300,51%lin 49%cot,30.00,woven railroaded,vert.repeat 0,horiz.repeat 0
5231211-01,retro natur,BOOK ECO & LINENS,300,51%lin 49%cot,30.00,woven railroaded,vert.repeat 0,horiz.repeat 0
5231270-01,retro off white,BOOK ECO & LINENS,300,51%lin 49%cot,30.00,woven railroaded,vert.repeat 0,horiz.repeat 0
4891270-01,tiffany off white,BOOK ECO & LINENS,300,100%lin,50.00,woven railroaded,vert.repeat 0,horiz.repeat 0
"5951610-01","faith white","BOOK ECO & LINENS",310,"36pan 22lin 22cly 16pol 4cot",22.00,woven railroaded,vert.repeat 0,horiz.repeat 0
"5951611-01","faith natur","BOOK ECO & LINENS",310,"36pan 22lin 22cly 16pol 4cot",22.00,woven railroaded,vert.repeat 0,horiz.repeat 0
"5951619-01","faith sand","BOOK ECO & LINENS",310,"36pan 22lin 22cly 16pol 4cot",22.00,woven railroaded,vert.repeat 0,horiz.repeat 0
"5951683-01","faith l.taupe","BOOK ECO & LINENS",310,"36pan 22lin 22cly 16pol 4cot",22.00,woven railroaded,vert.repeat 0,horiz.repeat 0
"5951664-01","faith l.grey","BOOK ECO & LINENS",310,"36pan 22lin 22cly 16pol 4cot",22.00,woven railroaded,vert.repeat 0,horiz.repeat 0
"5951618-01","faith grey","BOOK ECO & LINENS",310,"36pan 22lin 22cly 16pol 4cot",22.00,woven railroaded,vert.repeat 0,horiz.repeat 0
"5951650-01","faith sky blue","BOOK ECO & LINENS",310,"36pan 22lin 22cly 16pol 4cot",22.00,woven railroaded,vert.repeat 0,horiz.repeat 0
"5951692-01","faith mint","BOOK ECO & LINENS",310,"36pan 22lin 22cly 16pol 4cot",22.00,woven railroaded,vert.repeat 0,horiz.repeat 0
"5951690-01","faith l.aqua","BOOK ECO & LINENS",310,"36pan 22lin 22cly 16pol 4cot",22.00,woven railroaded,vert.repeat 0,horiz.repeat 0
"5951622-01","faith powder","BOOK ECO & LINENS",310,"36pan 22lin 22cly 16pol 4cot",22.00,woven railroaded,vert.repeat 0,horiz.repeat 0
"5951625-01","faith l.pink","BOOK ECO & LINENS",310,"36pan 22lin 22cly 16pol 4cot",22.00,woven railroaded,vert.repeat 0,horiz.repeat 0
1274909-04,assos grey,BOOK DELICATE VOLUME 1,325,100%pol,6.00,woven railroaded,vert.repeat 0,horiz.repeat 0
1274909-05,assos l.grey,BOOK DELICATE VOLUME 1,325,100%pol,6.00,woven railroaded,vert.repeat 0,horiz.repeat 0
1274909-06,assos ice,BOOK DELICATE VOLUME 1,325,100%pol,6.00,woven railroaded,vert.repeat 0,horiz.repeat 0
1274909-07,assos white,BOOK DELICATE VOLUME 1,325,100%pol,6.00,woven railroaded,vert.repeat 0,horiz.repeat 0
1274909-08,assos natur,BOOK DELICATE VOLUME 1,325,100%pol,6.00,woven railroaded,vert.repeat 0,horiz.repeat 0
1274909-23,assos ecru,BOOK DELICATE VOLUME 1,325,100%pol,6.00,woven railroaded,vert.repeat 0,horiz.repeat 0
75-1609-01,bright sand,BOOK DELICATE VOLUME 1,325,100%pol,17.60,woven railroaded,vert.repeat 0,horiz.repeat 0
75-1609-02,bright grey,BOOK DELICATE VOLUME 1,325,100%pol,17.60,woven railroaded,vert.repeat 0,horiz.repeat 0
75-1609-05,bright off white,BOOK DELICATE VOLUME 1,325,100%pol,17.60,woven railroaded,vert.repeat 0,horiz.repeat 0
75-1609-06,bright natur,BOOK DELICATE VOLUME 1,325,100%pol,17.60,woven railroaded,vert.repeat 0,horiz.repeat 0
75-1609-14,bright l.beige,BOOK DELICATE VOLUME 1,325,100%pol,17.60,woven railroaded,vert.repeat 0,horiz.repeat 0
3471609-12,dream natur,BOOK DELICATE VOLUME 1,315,100%pol,11.50,woven railroaded,vert.repeat 0,horiz.repeat 0
3471609-13,dream off white,BOOK DELICATE VOLUME 1,315,100%pol,11.50,woven railroaded,vert.repeat 0,horiz.repeat 0
3471609-14,dream white,BOOK DELICATE VOLUME 1,315,100%pol,11.50,woven railroaded,vert.repeat 0,horiz.repeat 0
3471609-15,dream silver,BOOK DELICATE VOLUME 1,315,100%pol,11.50,woven railroaded,vert.repeat 0,horiz.repeat 0
3471609-16,dream l.grey,BOOK DELICATE VOLUME 1,315,100%pol,11.50,woven railroaded,vert.repeat 0,horiz.repeat 0
75-1609-19,bright ecru,BOOK DELICATE VOLUME 1,325,100%pol,17.60,woven railroaded,vert.repeat 0,horiz.repeat 0
"8151737-01","skepsis ice","BOOK DELICATE VOLUME 1",300,71%pan 29%pol,17.90,woven railroaded,vert.repeat 0,"horiz.repeat 6,5cm-2 1/2"""
"8151713-01","skepsis l.beige","BOOK DELICATE VOLUME 1",300,71%pan 29%pol,17.90,woven railroaded,vert.repeat 0,"horiz.repeat 6,5cm-2 1/2"""
"8151710-01","skepsis white","BOOK DELICATE VOLUME 1",300,71%pan 29%pol,17.90,woven railroaded,vert.repeat 0,"horiz.repeat 6,5cm-2 1/2"""
3471613-01,dream l.beige,BOOK DELICATE VOLUME 1,315,100%pol,11.50,woven railroaded,vert.repeat 0,horiz.repeat 0
3471670-01,dream off white,BOOK DELICATE VOLUME 1,315,100%pol,11.50,woven railroaded,vert.repeat 0,horiz.repeat 0
7701610-01,lucida white,BOOK DELICATE VOLUME 1,300,100%pol,17.00,woven railroaded,vert.repeat 0,horiz.repeat 0
7701613-01,lucida l.beige,BOOK DELICATE VOLUME 1,300,100%pol,17.00,woven railroaded,vert.repeat 0,horiz.repeat 0
7701637-01,lucida ice,BOOK DELICATE VOLUME 1,300,100%pol,17.00,woven railroaded,vert.repeat 0,horiz.repeat 0
7701664-01,lucida l.grey,BOOK DELICATE VOLUME 1,300,100%pol,17.00,woven railroaded,vert.repeat 0,horiz.repeat 0
7701620-01,lucida taupe,BOOK DELICATE VOLUME 1,300,100%pol,17.00,woven railroaded,vert.repeat 0,horiz.repeat 0
8655370-01,star off white,BOOK DELICATE VOLUME 1,310,100%pol,16.00,woven railroaded,vert.repeat 0,horiz.repeat 0
8655319-01,star sand,BOOK DELICATE VOLUME 1,310,100%pol,16.00,woven railroaded,vert.repeat 0,horiz.repeat 0
8655337-01,star ice,BOOK DELICATE VOLUME 1,310,100%pol,16.00,woven railroaded,vert.repeat 0,horiz.repeat 0
8655361-01,star anthracite,BOOK DELICATE VOLUME 1,310,100%pol,16.00,woven railroaded,vert.repeat 0,horiz.repeat 0
"8965364-01","shine l.grey","BOOK DELICATE VOLUME 1",310,"54%pol 41%pan 5%cot",16.00,woven railroaded,vert.repeat 0,horiz.repeat 0
"8965337-01","shine ice","BOOK DELICATE VOLUME 1",310,"54%pol 41%pan 5%cot",16.00,woven railroaded,vert.repeat 0,horiz.repeat 0
"8965370-01","shine off white","BOOK DELICATE VOLUME 1",310,"54%pol 41%pan 5%cot",16.00,woven railroaded,vert.repeat 0,horiz.repeat 0
"8965310-01","shine white","BOOK DELICATE VOLUME 1",310,"54%pol 41%pan 5%cot",16.00,woven railroaded,vert.repeat 0,horiz.repeat 0
3904637-01,satellite ice,BOOK DELICATE VOLUME 1,300,100%pol,13.50,woven railroaded,vert.repeat 0,horiz.repeat 0
3904664-01,satellite l.grey,BOOK DELICATE VOLUME 1,300,100%pol,13.50,woven railroaded,vert.repeat 0,horiz.repeat 0
3904618-01,satellite grey,BOOK DELICATE VOLUME 1,300,100%pol,13.50,woven railroaded,vert.repeat 0,horiz.repeat 0
3904610-01,satellite white,BOOK DELICATE VOLUME 1,300,100%pol,13.50,woven railroaded,vert.repeat 0,horiz.repeat 0
3904611-01,satellite natur,BOOK DELICATE VOLUME 1,300,100%pol,13.50,woven railroaded,vert.repeat 0,horiz.repeat 0
3904620-01,satellite taupe,BOOK DELICATE VOLUME 1,300,100%pol,13.50,woven railroaded,vert.repeat 0,horiz.repeat 0
"1851689-01","lucent stone","BOOK DELICATE VOLUME 1",305,"66%pol 20%pan 11%cot 3%pa",20.50,woven railroaded,vert.repeat 0,horiz.repeat 0
"1461710-01","chill white","BOOK DELICATE VOLUME 1",300,71%pan 29%pol,16.50,woven railroaded,vert.repeat 0,"horiz.repeat 8cm-3"""
"1461737-01","chill ice","BOOK DELICATE VOLUME 1",300,71%pan 29%pol,16.50,woven railroaded,vert.repeat 0,"horiz.repeat 8cm-3"""
"1461770-01","chill off white","BOOK DELICATE VOLUME 1",300,71%pan 29%pol,16.50,woven railroaded,vert.repeat 0,"horiz.repeat 8cm-3"""
"1461738-01","chill silver","BOOK DELICATE VOLUME 1",300,71%pan 29%pol,16.50,woven railroaded,vert.repeat 0,"horiz.repeat 8cm-3"""
"1851613-01","lucent l.beige","BOOK DELICATE VOLUME 1",305,"66%pol 20%pan 11%cot 3%pa",20.50,woven railroaded,vert.repeat 0,horiz.repeat 0
"1851688-01","lucent blue-grey","BOOK DELICATE VOLUME 1",305,"66%pol 20%pan 11%cot 3%pa",20.50,woven railroaded,vert.repeat 0,horiz.repeat 0
"6501218-01","xenon grey","BOOK DELICATE VOLUME 1",320,"20%lin 75%pol 5%poliamide",19.80,woven railroaded,vert.repeat 0,horiz.repeat 0
"6501238-01","xenon silver","BOOK DELICATE VOLUME 1",320,"20%lin 75%pol 5%poliamide",19.80,woven railroaded,vert.repeat 0,horiz.repeat 0
"6501237-01","xenon ice","BOOK DELICATE VOLUME 1",320,"20%lin 75%pol 5%poliamide",19.80,woven railroaded,vert.repeat 0,horiz.repeat 0
"6501210-01","xenon white","BOOK DELICATE VOLUME 1",320,"20%lin 75%pol 5%poliamide",19.80,woven railroaded,vert.repeat 0,horiz.repeat 0
"6501270-01","xenon off white","BOOK DELICATE VOLUME 1",320,"20%lin 75%pol 5%poliamide",19.80,woven railroaded,vert.repeat 0,horiz.repeat 0
"6501212-01","xenon beige","BOOK DELICATE VOLUME 1",320,"20%lin 75%pol 5%poliamide",19.80,woven railroaded,vert.repeat 0,horiz.repeat 0
"6501217-01","xenon chocolate","BOOK DELICATE VOLUME 1",320,"20%lin 75%pol 5%poliamide",19.80,woven railroaded,vert.repeat 0,horiz.repeat 0
5301616-01,mirror bronze,BOOK DELICATE VOLUME 1,320,100%pol,14.00,woven railroaded,vert.repeat 0,horiz.repeat 0
5301691-01,mirror l.gold,BOOK DELICATE VOLUME 1,320,100%pol,14.00,woven railroaded,vert.repeat 0,horiz.repeat 0
5301610-03,mirror white,BOOK DELICATE VOLUME 1,320,100%pol,14.00,woven railroaded,vert.repeat 0,horiz.repeat 0
5301620-03,mirror taupe,BOOK DELICATE VOLUME 1,320,100%pol,14.00,woven railroaded,vert.repeat 0,horiz.repeat 0
5301637-01,mirror ice,BOOK DELICATE VOLUME 1,320,100%pol,14.00,woven railroaded,vert.repeat 0,horiz.repeat 0
5305320-02,atlantic taupe,BOOK DELICATE VOLUME 1,300,100%pol,20.50,woven railroaded,vert.repeat 0,horiz.repeat 0
5305337-02,atlantic ice,BOOK DELICATE VOLUME 1,300,100%pol,20.50,woven railroaded,vert.repeat 0,horiz.repeat 0
5305313-01,atlantic l.beige,BOOK DELICATE VOLUME 1,300,100%pol,20.50,woven railroaded,vert.repeat 0,horiz.repeat 0
5305310-02,atlantic white,BOOK DELICATE VOLUME 1,300,100%pol,20.50,woven railroaded,vert.repeat 0,horiz.repeat 0
5305329-01,atlantic l.blue,BOOK DELICATE VOLUME 1,300,100%pol,20.50,woven railroaded,vert.repeat 0,horiz.repeat 0
"5305367-01","atlantic black&white","BOOK DELICATE VOLUME 1",300,100%pol,20.50,woven railroaded,vert.repeat 0,horiz.repeat 0
"1851610-01","lucent white","BOOK DELICATE VOLUME 1",305,"66%pol 20%pan 11%cot 3%pa",20.50,woven railroaded,vert.repeat 0,horiz.repeat 0
"1851638-01","lucent silver","BOOK DELICATE VOLUME 1",305,"66%pol 20%pan 11%cot 3%pa",20.50,woven railroaded,vert.repeat 0,horiz.repeat 0
6305338-01,happen silver,BOOK DELICATE VOLUME 1,300,100%pol,14.80,woven railroaded,vert.repeat 0,horiz.repeat 0
6305391-01,happen l.gold,BOOK DELICATE VOLUME 1,300,100%pol,14.80,woven railroaded,vert.repeat 0,horiz.repeat 0
6305318-01,happen grey,BOOK DELICATE VOLUME 1,300,100%pol,14.80,woven railroaded,vert.repeat 0,horiz.repeat 0
6305316-01,happen bronze,BOOK DELICATE VOLUME 1,300,100%pol,14.80,woven railroaded,vert.repeat 0,horiz.repeat 0
6305368-01,happen elephant,BOOK DELICATE VOLUME 1,300,100%pol,14.80,woven railroaded,vert.repeat 0,horiz.repeat 0
6305361-01,happen anthracite,BOOK DELICATE VOLUME 1,300,100%pol,14.80,woven railroaded,vert.repeat 0,horiz.repeat 0
1961610-01,rapid white,BOOK DELICATE VOLUME 1,300,87%pol 13%cot,16.00,woven railroaded,vert.repeat 0,horiz.repeat 0
1961637-01,rapid ice,BOOK DELICATE VOLUME 1,300,87%pol 13%cot,16.00,woven railroaded,vert.repeat 0,horiz.repeat 0
"7707620-01","silent taupe","BOOK DELICATE VOLUME 1",300,"83%acr 10%wo 7%lurex",30.50,woven railroaded,vert.repeat 0,horiz.repeat 0
"7707617-01","silent chocolate","BOOK DELICATE VOLUME 1",300,"83%acr 10%wo 7%lurex",30.50,woven railroaded,vert.repeat 0,horiz.repeat 0
"7707614-01","silent d.beige","BOOK DELICATE VOLUME 1",300,"83%acr 10%wo 7%lurex",30.50,woven railroaded,vert.repeat 0,horiz.repeat 0
"7707613-01","silent l.beige","BOOK DELICATE VOLUME 1",300,"83%acr 10%wo 7%lurex",30.50,woven railroaded,vert.repeat 0,horiz.repeat 0
"7707619-01","silent sand","BOOK DELICATE VOLUME 1",300,"83%acr 10%wo 7%lurex",30.50,woven railroaded,vert.repeat 0,horiz.repeat 0
"7707670-01","silent off white","BOOK DELICATE VOLUME 1",300,"83%acr 10%wo 7%lurex",30.50,woven railroaded,vert.repeat 0,horiz.repeat 0
"7707637-01","silent ice","BOOK DELICATE VOLUME 1",300,"83%acr 10%wo 7%lurex",30.50,woven railroaded,vert.repeat 0,horiz.repeat 0
"7707618-01","silent grey","BOOK DELICATE VOLUME 1",300,"83%acr 10%wo 7%lurex",30.50,woven railroaded,vert.repeat 0,horiz.repeat 0
7704664-01,iris l.grey,BOOK DELICATE VOLUME 1,320,100%pol,16.50,woven railroaded,vert.repeat 0,horiz.repeat 0
7704618-01,iris grey,BOOK DELICATE VOLUME 1,320,100%pol,16.50,woven railroaded,vert.repeat 0,horiz.repeat 0
7704637-01,iris ice,BOOK DELICATE VOLUME 1,320,100%pol,16.50,woven railroaded,vert.repeat 0,horiz.repeat 0
7704611-01,iris natur,BOOK DELICATE VOLUME 1,320,100%pol,16.50,woven railroaded,vert.repeat 0,horiz.repeat 0
7704610-01,iris white,BOOK DELICATE VOLUME 1,320,100%pol,16.50,woven railroaded,vert.repeat 0,horiz.repeat 0
7704672-01,iris ecru,BOOK DELICATE VOLUME 1,320,100%pol,16.50,woven railroaded,vert.repeat 0,horiz.repeat 0
3581685-01,boutique pearl,BOOK DELICATE VOLUME 1,310,100%pol,34.00,woven railroaded,vert.repeat 0,horiz.repeat 0
3581619-01,boutique sand,BOOK DELICATE VOLUME 1,310,100%pol,34.00,woven railroaded,vert.repeat 0,horiz.repeat 0
3581617-01,boutique chocolate,BOOK DELICATE VOLUME 1,310,100%pol,34.00,woven railroaded,vert.repeat 0,horiz.repeat 0
3581636-01,boutique olive,BOOK DELICATE VOLUME 1,310,100%pol,34.00,woven railroaded,vert.repeat 0,horiz.repeat 0
3581691-01,boutique gold,BOOK DELICATE VOLUME 1,310,100%pol,34.00,woven railroaded,vert.repeat 0,horiz.repeat 0
3581670-01,boutique off white,BOOK DELICATE VOLUME 1,310,100%pol,34.00,woven railroaded,vert.repeat 0,horiz.repeat 0
3581638-01,boutique silver,BOOK DELICATE VOLUME 1,310,100%pol,34.00,woven railroaded,vert.repeat 0,horiz.repeat 0
3581618-01,boutique grey,BOOK DELICATE VOLUME 1,310,100%pol,34.00,woven railroaded,vert.repeat 0,horiz.repeat 0
3581661-01,boutique anthracite,BOOK DELICATE VOLUME 1,310,100%pol,34.00,woven railroaded,vert.repeat 0,horiz.repeat 0
"4954613-01","capital l.beige","BOOK DELICATE VOLUME 1",300,"64%pol 32%pan 4%cot",16.50,woven railroaded,vert.repeat 0,horiz.repeat 0
"4954670-01","capital off white","BOOK DELICATE VOLUME 1",300,"64%pol 32%pan 4%cot",16.50,woven railroaded,vert.repeat 0,horiz.repeat 0
"4954610-01","capital white","BOOK DELICATE VOLUME 1",300,"64%pol 32%pan 4%cot",16.50,woven railroaded,vert.repeat 0,horiz.repeat 0
"4954611-01","capital natur","BOOK DELICATE VOLUME 1",300,"64%pol 32%pan 4%cot",16.50,woven railroaded,vert.repeat 0,horiz.repeat 0
"4954637-01","capital ice","BOOK DELICATE VOLUME 1",300,"64%pol 32%pan 4%cot",16.50,woven railroaded,vert.repeat 0,horiz.repeat 0
3806811-01,loft natur,BOOK DELICATE VOLUME 1,320,100%pol,13.50,woven railroaded,vert.repeat 0,horiz.repeat 0
3806870-01,loft off white,BOOK DELICATE VOLUME 1,320,100%pol,13.50,woven railroaded,vert.repeat 0,horiz.repeat 0
3806813-01,loft l.beige,BOOK DELICATE VOLUME 1,320,100%pol,13.50,woven railroaded,vert.repeat 0,horiz.repeat 0
3806837-01,loft ice,BOOK DELICATE VOLUME 1,320,100%pol,13.50,woven railroaded,vert.repeat 0,horiz.repeat 0
3806864-01,loft l.grey,BOOK DELICATE VOLUME 1,320,100%pol,13.50,woven railroaded,vert.repeat 0,horiz.repeat 0
5308413-01,reflection l.beige,BOOK DELICATE VOLUME 1,320,100%pol,18.00,woven railroaded,vert.repeat 0,horiz.repeat 0
5308411-01,reflection natur,BOOK DELICATE VOLUME 1,320,100%pol,18.00,woven railroaded,vert.repeat 0,horiz.repeat 0
5308470-01,reflection off white,BOOK DELICATE VOLUME 1,320,100%pol,18.00,woven railroaded,vert.repeat 0,horiz.repeat 0
5308490-01,reflection l.aqua,BOOK DELICATE VOLUME 1,320,100%pol,18.00,woven railroaded,vert.repeat 0,horiz.repeat 0
5308437-01,reflection ice,BOOK DELICATE VOLUME 1,320,100%pol,18.00,woven railroaded,vert.repeat 0,horiz.repeat 0
5308464-01,reflection l.grey,BOOK DELICATE VOLUME 1,320,100%pol,18.00,woven railroaded,vert.repeat 0,horiz.repeat 0
5308418-01,reflection grey,BOOK DELICATE VOLUME 1,320,100%pol,18.00,woven railroaded,vert.repeat 0,horiz.repeat 0
8655371-01,star d.grey,BOOK DELICATE VOLUME 1,310,100%pol,16.00,woven railroaded,vert.repeat 0,horiz.repeat 0
8655310-01,star white,BOOK DELICATE VOLUME 1,310,100%pol,16.00,woven railroaded,vert.repeat 0,horiz.repeat 0
8655312-01,star beige,BOOK DELICATE VOLUME 1,310,100%pol,16.00,woven railroaded,vert.repeat 0,horiz.repeat 0
6801619-01,tonic sand,BOOK DELICATE VOLUME 1,315,100%pol,12.00,woven railroaded,vert.repeat 0,horiz.repeat 0
6801637-01,tonic ice,BOOK DELICATE VOLUME 1,315,100%pol,12.00,woven railroaded,vert.repeat 0,horiz.repeat 0
6801620-01,tonic taupe,BOOK DELICATE VOLUME 1,315,100%pol,12.00,woven railroaded,vert.repeat 0,horiz.repeat 0
6801670-01,tonic off white,BOOK DELICATE VOLUME 1,315,100%pol,12.00,woven railroaded,vert.repeat 0,horiz.repeat 0
6801610-01,tonic white,BOOK DELICATE VOLUME 1,315,100%pol,12.00,woven railroaded,vert.repeat 0,horiz.repeat 0
"5951719-01","inverno sand","BOOK DELICATE VOLUME 1",310,"54%pan 26%cot 20%pol",40.00,woven railroaded,vert.repeat 0,horiz.repeat 0
"5951720-01","inverno taupe","BOOK DELICATE VOLUME 1",310,"54%pan 26%cot 20%pol",40.00,woven railroaded,vert.repeat 0,horiz.repeat 0
"5951779-01","inverno black-beige","BOOK DELICATE VOLUME 1",310,"54%pan 26%cot 20%pol",40.00,woven railroaded,vert.repeat 0,horiz.repeat 0
3101618-01,ask grey,BOOK DELICATE VOLUME 1,320,100%pol,18.00,woven railroaded,vert.repeat 0,horiz.repeat 0
3101664-01,ask l.grey,BOOK DELICATE VOLUME 1,320,100%pol,18.00,woven railroaded,vert.repeat 0,horiz.repeat 0
3101638-01,ask silver,BOOK DELICATE VOLUME 1,320,100%pol,18.00,woven railroaded,vert.repeat 0,horiz.repeat 0
3101610-01,ask white,BOOK DELICATE VOLUME 1,320,100%pol,18.00,woven railroaded,vert.repeat 0,horiz.repeat 0
3101654-01,ask ochre,BOOK DELICATE VOLUME 1,320,100%pol,18.00,woven railroaded,vert.repeat 0,horiz.repeat 0
3101652-01,ask salmon,BOOK DELICATE VOLUME 1,320,100%pol,18.00,woven railroaded,vert.repeat 0,horiz.repeat 0
3101612-01,ask beige,BOOK DELICATE VOLUME 1,320,100%pol,18.00,woven railroaded,vert.repeat 0,horiz.repeat 0
3101616-01,ask bronze,BOOK DELICATE VOLUME 1,320,100%pol,18.00,woven railroaded,vert.repeat 0,horiz.repeat 0
3101636-01,ask olive,BOOK DELICATE VOLUME 1,320,100%pol,18.00,woven railroaded,vert.repeat 0,horiz.repeat 0
4653064-01,irregular l.grey,BOOK DELICATE VOLUME 2,290,100%pol,22.90,woven railroaded,vert.repeat 0,horiz.repeat 0
4653037-01,irregular ice,BOOK DELICATE VOLUME 2,290,100%pol,22.90,woven railroaded,vert.repeat 0,horiz.repeat 0
4653010-01,irregular white,BOOK DELICATE VOLUME 2,290,100%pol,22.90,woven railroaded,vert.repeat 0,horiz.repeat 0
5303010-01,peace white,BOOK DELICATE VOLUME 2,290,100%pol,20.50,woven railroaded,vert.repeat 0,horiz.repeat 0
5303013-01,peace l.beige,BOOK DELICATE VOLUME 2,290,100%pol,20.50,woven railroaded,vert.repeat 0,horiz.repeat 0
5303018-01,peace grey,BOOK DELICATE VOLUME 2,290,100%pol,20.50,woven railroaded,vert.repeat 0,horiz.repeat 0
7141676-01,aesthetic ivory,BOOK DELICATE VOLUME 2,300,100%pol,15.90,woven railroaded,vert.repeat 0,horiz.repeat 0
7141637-01,aesthetic ice,BOOK DELICATE VOLUME 2,300,100%pol,15.90,woven railroaded,vert.repeat 0,horiz.repeat 0
7141670-01,aesthetic off white,BOOK DELICATE VOLUME 2,300,100%pol,15.90,woven railroaded,vert.repeat 0,horiz.repeat 0
7141610-01,aesthetic white,BOOK DELICATE VOLUME 2,300,100%pol,15.90,woven railroaded,vert.repeat 0,horiz.repeat 0
6301670-02,home off white,BOOK DELICATE VOLUME 2,305,100%pol,13.80,woven railroaded,vert.repeat 0,horiz.repeat 0
6301610-01,home white,BOOK DELICATE VOLUME 2,305,100%pol,13.80,woven railroaded,vert.repeat 0,horiz.repeat 0
6301672-01,home ecru,BOOK DELICATE VOLUME 2,305,100%pol,13.80,woven railroaded,vert.repeat 0,horiz.repeat 0
6301611-01,home natur,BOOK DELICATE VOLUME 2,305,100%pol,13.80,woven railroaded,vert.repeat 0,horiz.repeat 0
8541670-01,pulse off white,BOOK DELICATE VOLUME 2,305,40%pol 60%vis,17.40,woven railroaded,vert.repeat 0,horiz.repeat 0
8541611-01,pulse natur,BOOK DELICATE VOLUME 2,305,40%pol 60%vis,17.40,woven railroaded,vert.repeat 0,horiz.repeat 0
8541638-01,pulse silver,BOOK DELICATE VOLUME 2,305,40%pol 60%vis,17.40,woven railroaded,vert.repeat 0,horiz.repeat 0
8161637-01,serenity ice,BOOK DELICATE VOLUME 2,300,96%pan 4%pol,21.00,woven railroaded,vert.repeat 0,horiz.repeat 0
8161611-01,serenity natur,BOOK DELICATE VOLUME 2,300,96%pan 4%pol,21.00,woven railroaded,vert.repeat 0,horiz.repeat 0
9751618-01,orama grey,BOOK DELICATE VOLUME 2,300,59%cot 41%pol,18.00,woven railroaded,vert.repeat 0,horiz.repeat 0
9751619-01,orama sand,BOOK DELICATE VOLUME 2,300,59%cot 41%pol,18.00,woven railroaded,vert.repeat 0,horiz.repeat 0
9751664-01,orama l.grey,BOOK DELICATE VOLUME 2,300,59%cot 41%pol,18.00,woven railroaded,vert.repeat 0,horiz.repeat 0
9751611-01,orama natur,BOOK DELICATE VOLUME 2,300,59%cot 41%pol,18.00,woven railroaded,vert.repeat 0,horiz.repeat 0
9751612-01,orama beige,BOOK DELICATE VOLUME 2,300,59%cot 41%pol,18.00,woven railroaded,vert.repeat 0,horiz.repeat 0
9751683-01,orama l.taupe,BOOK DELICATE VOLUME 2,300,59%cot 41%pol,18.00,woven railroaded,vert.repeat 0,horiz.repeat 0
1571637-01,alone ice,BOOK DELICATE VOLUME 2,305,100%pol,14.50,woven railroaded,vert.repeat 0,horiz.repeat 0
1571610-01,alone white,BOOK DELICATE VOLUME 2,305,100%pol,14.50,woven railroaded,vert.repeat 0,horiz.repeat 0
1571670-01,alone off white,BOOK DELICATE VOLUME 2,305,100%pol,14.50,woven railroaded,vert.repeat 0,horiz.repeat 0
1571683-01,alone l.taupe,BOOK DELICATE VOLUME 2,305,100%pol,14.50,woven railroaded,vert.repeat 0,horiz.repeat 0
1571620-01,alone taupe,BOOK DELICATE VOLUME 2,305,100%pol,14.50,woven railroaded,vert.repeat 0,horiz.repeat 0
1571689-01,alone stone,BOOK DELICATE VOLUME 2,305,100%pol,14.50,woven railroaded,vert.repeat 0,horiz.repeat 0
1361611-01,leomar natur,BOOK DELICATE VOLUME 2,315,100%pan,16.50,woven railroaded,vert.repeat 0,horiz.repeat 0
"1365311-01","nomad natur","BOOK DELICATE VOLUME 2",305,"54%pol 33%cot 13%pan",18.60,woven railroaded,"vert.repeat 5,5cm-2""",horiz.repeat 0
"1365383-01","nomad l.taupe","BOOK DELICATE VOLUME 2",305,"54%pol 33%cot 13%pan",18.60,woven railroaded,"vert.repeat 5,5cm-2""",horiz.repeat 0
"1365364-01","nomad l.grey","BOOK DELICATE VOLUME 2",305,"54%pol 33%cot 13%pan",18.60,woven railroaded,"vert.repeat 5,5cm-2""",horiz.repeat 0
1352383-01,tempo l.taupe,BOOK DELICATE VOLUME 2,315,89%pan 7%pol 4%pa,13.50,woven railroaded,vert.repeat 0,horiz.repeat 0
1352370-01,tempo off white,BOOK DELICATE VOLUME 2,315,89%pan 7%pol 4%pa,13.50,woven railroaded,vert.repeat 0,horiz.repeat 0
1251583-01,tomorrow l.taupe,BOOK DELICATE VOLUME 2,300,90%pan 10%pol,16.00,woven railroaded,vert.repeat 0,horiz.repeat 0
1251570-01,tomorrow off white,BOOK DELICATE VOLUME 2,300,90%pan 10%pol,16.00,woven railroaded,vert.repeat 0,horiz.repeat 0
1551511-01,clash natur,BOOK DELICATE VOLUME 2,300,51%cot 49%pol,17.00,woven railroaded,vert.repeat 0,horiz.repeat 0
1551537-01,clash ice,BOOK DELICATE VOLUME 2,300,51%cot 49%pol,17.00,woven railroaded,vert.repeat 0,horiz.repeat 0
1551564-01,clash l.grey,BOOK DELICATE VOLUME 2,300,51%cot 49%pol,17.00,woven railroaded,vert.repeat 0,horiz.repeat 0
1562318-01,hot grey,BOOK DELICATE VOLUME 2,315,89%pan 6%pol 5%pa,14.80,woven railroaded,vert.repeat 0,horiz.repeat 0
1562319-01,hot sand,BOOK DELICATE VOLUME 2,315,89%pan 6%pol 5%pa,14.80,woven railroaded,vert.repeat 0,horiz.repeat 0
1562364-01,hot l.grey,BOOK DELICATE VOLUME 2,315,89%pan 6%pol 5%pa,14.80,woven railroaded,vert.repeat 0,horiz.repeat 0
1562310-01,hot white,BOOK DELICATE VOLUME 2,315,89%pan 6%pol 5%pa,14.80,woven railroaded,vert.repeat 0,horiz.repeat 0
"1354670-01","promise off white","BOOK DELICATE VOLUME 2",300,"39pan 29tencel 20pol 12wo",14.50,woven railroaded,vert.repeat 0,horiz.repeat 0
"1354611-01","promise natur","BOOK DELICATE VOLUME 2",300,"39pan 29tencel 20pol 12wo",14.50,woven railroaded,vert.repeat 0,horiz.repeat 0
"1354610-01","promise white","BOOK DELICATE VOLUME 2",300,"39pan 29tencel 20pol 12wo",14.50,woven railroaded,vert.repeat 0,horiz.repeat 0
"1354664-01","promise l.grey","BOOK DELICATE VOLUME 2",300,"39pan 29tencel 20pol 12wo",14.50,woven railroaded,vert.repeat 0,horiz.repeat 0
"1354637-01","promise ice","BOOK DELICATE VOLUME 2",300,"39pan 29tencel 20pol 12wo",14.50,woven railroaded,vert.repeat 0,horiz.repeat 0
"1354618-01","promise grey","BOOK DELICATE VOLUME 2",300,"39pan 29tencel 20pol 12wo",14.50,woven railroaded,vert.repeat 0,horiz.repeat 0
"1354613-01","promise l.beige","BOOK DELICATE VOLUME 2",300,"39pan 29tencel 20pol 12wo",14.50,woven railroaded,vert.repeat 0,horiz.repeat 0
1864611-01,lovely natur,BOOK DELICATE VOLUME 2,325,95%pan 5%pol,16.50,woven railroaded,vert.repeat 0,horiz.repeat 0
1864618-01,lovely grey,BOOK DELICATE VOLUME 2,325,95%pan 5%pol,16.50,woven railroaded,vert.repeat 0,horiz.repeat 0
1864664-01,lovely l.grey,BOOK DELICATE VOLUME 2,325,95%pan 5%pol,16.50,woven railroaded,vert.repeat 0,horiz.repeat 0
1864610-01,lovely white,BOOK DELICATE VOLUME 2,325,95%pan 5%pol,16.50,woven railroaded,vert.repeat 0,horiz.repeat 0
1864637-01,lovely ice,BOOK DELICATE VOLUME 2,325,95%pan 5%pol,16.50,woven railroaded,vert.repeat 0,horiz.repeat 0
1864612-01,lovely beige,BOOK DELICATE VOLUME 2,325,95%pan 5%pol,16.50,woven railroaded,vert.repeat 0,horiz.repeat 0
1864683-01,lovely l.taupe,BOOK DELICATE VOLUME 2,325,95%pan 5%pol,16.50,woven railroaded,vert.repeat 0,horiz.repeat 0
1864620-01,lovely taupe,BOOK DELICATE VOLUME 2,325,95%pan 5%pol,16.50,woven railroaded,vert.repeat 0,horiz.repeat 0
"1561670-01","mont off white","BOOK DELICATE VOLUME 2",300,"62%pan 34%pol 4%cot",16.50,woven railroaded,vert.repeat 0,"horiz.repeat 3cm-1"""
"1561613-01","mont l.beige","BOOK DELICATE VOLUME 2",300,"62%pan 34%pol 4%cot",16.50,woven railroaded,vert.repeat 0,"horiz.repeat 3cm-1"""
"1561637-01","mont ice","BOOK DELICATE VOLUME 2",300,"62%pan 34%pol 4%cot",16.50,woven railroaded,vert.repeat 0,"horiz.repeat 3cm-1"""
"1561664-01","mont l.grey","BOOK DELICATE VOLUME 2",300,"62%pan 34%pol 4%cot",16.50,woven railroaded,vert.repeat 0,"horiz.repeat 3cm-1"""
"1561689-01","mont stone","BOOK DELICATE VOLUME 2",300,"62%pan 34%pol 4%cot",16.50,woven railroaded,vert.repeat 0,"horiz.repeat 3cm-1"""
"1561618-01","mont grey","BOOK DELICATE VOLUME 2",300,"62%pan 34%pol 4%cot",16.50,woven railroaded,vert.repeat 0,"horiz.repeat 3cm-1"""
3804670-01,smile off white,BOOK DELICATE VOLUME 2,320,100%pol,14.00,woven railroaded,vert.repeat 0,horiz.repeat 0
3804664-01,smile l.grey,BOOK DELICATE VOLUME 2,320,100%pol,14.00,woven railroaded,vert.repeat 0,horiz.repeat 0
3805364-01,theama l.grey,BOOK DELICATE VOLUME 2,320,100%pol,14.50,woven railroaded,vert.repeat 0,horiz.repeat 0
3805370-01,theama off white,BOOK DELICATE VOLUME 2,320,100%pol,14.50,woven railroaded,vert.repeat 0,horiz.repeat 0
3805311-01,theama natur,BOOK DELICATE VOLUME 2,320,100%pol,14.50,woven railroaded,vert.repeat 0,horiz.repeat 0
3805313-01,theama l.beige,BOOK DELICATE VOLUME 2,320,100%pol,14.50,woven railroaded,vert.repeat 0,horiz.repeat 0
3804611-01,smile natur,BOOK DELICATE VOLUME 2,320,100%pol,14.00,woven railroaded,vert.repeat 0,horiz.repeat 0
4563018-01,exist grey,BOOK DELICATE VOLUME 2,300,100%pol,22.50,woven railroaded,vert.repeat 0,horiz.repeat 0
4563064-01,exist l.grey,BOOK DELICATE VOLUME 2,300,100%pol,22.50,woven railroaded,vert.repeat 0,horiz.repeat 0
4563037-01,exist ice,BOOK DELICATE VOLUME 2,300,100%pol,22.50,woven railroaded,vert.repeat 0,horiz.repeat 0
4563010-01,exist white,BOOK DELICATE VOLUME 2,300,100%pol,22.50,woven railroaded,vert.repeat 0,horiz.repeat 0
4563070-01,exist off white,BOOK DELICATE VOLUME 2,300,100%pol,22.50,woven railroaded,vert.repeat 0,horiz.repeat 0
4563011-01,exist natur,BOOK DELICATE VOLUME 2,300,100%pol,22.50,woven railroaded,vert.repeat 0,horiz.repeat 0
5604610-01,single white,BOOK DELICATE VOLUME 2,315,100%pol,12.80,woven railroaded,vert.repeat 0,horiz.repeat 0
5604611-01,single natur,BOOK DELICATE VOLUME 2,315,100%pol,12.80,woven railroaded,vert.repeat 0,horiz.repeat 0
5604613-01,single l.beige,BOOK DELICATE VOLUME 2,315,100%pol,12.80,woven railroaded,vert.repeat 0,horiz.repeat 0
5604618-01,single grey,BOOK DELICATE VOLUME 2,315,100%pol,12.80,woven railroaded,vert.repeat 0,horiz.repeat 0
5604619-01,single sand,BOOK DELICATE VOLUME 2,315,100%pol,12.80,woven railroaded,vert.repeat 0,horiz.repeat 0
1361637-01,leomar ice,BOOK DELICATE VOLUME 2,315,100%pan,16.50,woven railroaded,vert.repeat 0,horiz.repeat 0
1361664-01,leomar l.grey,BOOK DELICATE VOLUME 2,315,100%pan,16.50,woven railroaded,vert.repeat 0,horiz.repeat 0
1361618-01,leomar grey,BOOK DELICATE VOLUME 2,315,100%pan,16.50,woven railroaded,vert.repeat 0,horiz.repeat 0
1361620-01,leomar taupe,BOOK DELICATE VOLUME 2,315,100%pan,16.50,woven railroaded,vert.repeat 0,horiz.repeat 0
1361683-01,leomar l.taupe,BOOK DELICATE VOLUME 2,315,100%pan,16.50,woven railroaded,vert.repeat 0,horiz.repeat 0
1361672-01,leomar ecru,BOOK DELICATE VOLUME 2,315,100%pan,16.50,woven railroaded,vert.repeat 0,horiz.repeat 0
1361688-01,leomar blue-grey,BOOK DELICATE VOLUME 2,315,100%pan,16.50,woven railroaded,vert.repeat 0,horiz.repeat 0
5304610-01,whispers white,BOOK DELICATE VOLUME 2,300,100%pol,14.50,woven railroaded,vert.repeat 0,horiz.repeat 0
5304611-02,whispers natur,BOOK DELICATE VOLUME 2,300,100%pol,14.50,woven railroaded,vert.repeat 0,horiz.repeat 0
5304637-01,whispers ice,BOOK DELICATE VOLUME 2,300,100%pol,14.50,woven railroaded,vert.repeat 0,horiz.repeat 0
5304683-01,whispers l.taupe,BOOK DELICATE VOLUME 2,300,100%pol,14.50,woven railroaded,vert.repeat 0,horiz.repeat 0
5261610-01,romantic white,BOOK DELICATE VOLUME 2,300,100%pol,14.90,woven railroaded,vert.repeat 0,horiz.repeat 0
5261670-01,romantic off white,BOOK DELICATE VOLUME 2,300,100%pol,14.90,woven railroaded,vert.repeat 0,horiz.repeat 0
5261613-01,romantic l.beige,BOOK DELICATE VOLUME 2,300,100%pol,14.90,woven railroaded,vert.repeat 0,horiz.repeat 0
5261664-01,romantic l.grey,BOOK DELICATE VOLUME 2,300,100%pol,14.90,woven railroaded,vert.repeat 0,horiz.repeat 0
6102337-01,mae ice,BOOK DELICATE VOLUME 2,315,100%pol,15.00,woven railroaded,vert.repeat 0,horiz.repeat 0
6102319-01,mae sand,BOOK DELICATE VOLUME 2,315,100%pol,15.00,woven railroaded,vert.repeat 0,horiz.repeat 0
6102320-01,mae taupe,BOOK DELICATE VOLUME 2,315,100%pol,15.00,woven railroaded,vert.repeat 0,horiz.repeat 0
6102324-01,mae d.taupe,BOOK DELICATE VOLUME 2,315,100%pol,15.00,woven railroaded,vert.repeat 0,horiz.repeat 0
6102318-01,mae grey,BOOK DELICATE VOLUME 2,315,100%pol,15.00,woven railroaded,vert.repeat 0,horiz.repeat 0
5601670-01,sentimental off white,BOOK DELICATE VOLUME 2,320,100%pol,13.90,woven railroaded,vert.repeat 0,horiz.repeat 0
5261510-01,skies white,BOOK DELICATE VOLUME 2,300,91%pol 9%cot,18.00,woven railroaded,vert.repeat 0,horiz.repeat 0
5261511-01,skies natur,BOOK DELICATE VOLUME 2,300,91%pol 9%cot,18.00,woven railroaded,vert.repeat 0,horiz.repeat 0
5261513-01,skies l.beige,BOOK DELICATE VOLUME 2,300,91%pol 9%cot,18.00,woven railroaded,vert.repeat 0,horiz.repeat 0
5261583-01,skies l.taupe,BOOK DELICATE VOLUME 2,300,91%pol 9%cot,18.00,woven railroaded,vert.repeat 0,horiz.repeat 0
5261518-01,skies grey,BOOK DELICATE VOLUME 2,300,91%pol 9%cot,18.00,woven railroaded,vert.repeat 0,horiz.repeat 0
3807970-01,admire off white,BOOK DELICATE VOLUME 2,320,100%pol,16.00,woven railroaded,vert.repeat 0,horiz.repeat 0
3807911-01,admire natur,BOOK DELICATE VOLUME 2,320,100%pol,16.00,woven railroaded,vert.repeat 0,horiz.repeat 0
3807983-01,admire l.taupe,BOOK DELICATE VOLUME 2,320,100%pol,16.00,woven railroaded,vert.repeat 0,horiz.repeat 0
3807964-01,admire l.grey,BOOK DELICATE VOLUME 2,320,100%pol,16.00,woven railroaded,vert.repeat 0,horiz.repeat 0
3807937-01,admire ice,BOOK DELICATE VOLUME 2,320,100%pol,16.00,woven railroaded,vert.repeat 0,horiz.repeat 0
3807918-01,admire grey,BOOK DELICATE VOLUME 2,320,100%pol,16.00,woven railroaded,vert.repeat 0,horiz.repeat 0
3804637-01,smile ice,BOOK DELICATE VOLUME 2,320,100%pol,14.00,woven railroaded,vert.repeat 0,horiz.repeat 0
3804618-01,smile grey,BOOK DELICATE VOLUME 2,320,100%pol,14.00,woven railroaded,vert.repeat 0,horiz.repeat 0
3807920-01,admire taupe,BOOK DELICATE VOLUME 2,320,100%pol,16.00,woven railroaded,vert.repeat 0,horiz.repeat 0
"7507937-01","overplay ice","BOOK DELICATE VOLUME 2",315,"41%bio 37%lyocell 22%modal",16.00,woven railroaded,vert.repeat 0,horiz.repeat 0
"7507961-01","overplay anthracite","BOOK DELICATE VOLUME 2",315,"41%bio 37%lyocell 22%modal",16.00,woven railroaded,vert.repeat 0,horiz.repeat 0
"7507913-01","overplay l.beige","BOOK DELICATE VOLUME 2",315,"41%bio 37%lyocell 22%modal",16.00,woven railroaded,vert.repeat 0,horiz.repeat 0
"7507911-01","overplay natur","BOOK DELICATE VOLUME 2",315,"41%bio 37%lyocell 22%modal",16.00,woven railroaded,vert.repeat 0,horiz.repeat 0
2305410-01,superfine white,BOOK DELICATE VOLUME 2,300,100%pol,16.00,woven railroaded,vert.repeat 0,horiz.repeat 0
2305411-01,superfine natur,BOOK DELICATE VOLUME 2,300,100%pol,16.00,woven railroaded,vert.repeat 0,horiz.repeat 0
2305470-01,superfine off white,BOOK DELICATE VOLUME 2,300,100%pol,16.00,woven railroaded,vert.repeat 0,horiz.repeat 0
6401610-01,eclipse white,BOOK DELICATE VOLUME 2,310,100%pol,14.50,woven railroaded,vert.repeat 0,horiz.repeat 0
6401670-01,eclipse off white,BOOK DELICATE VOLUME 2,310,100%pol,14.50,woven railroaded,vert.repeat 0,horiz.repeat 0
"7507970-01","overplay off white","BOOK DELICATE VOLUME 2",315,"41%bio 37%lyocell 22%modal",16.00,woven railroaded,vert.repeat 0,horiz.repeat 0